harmful_idx,harmful_image,rank,safe_image,similarity,selected
0,-Do_with_less_so_they'll_have_enough-_-_NARA_-_513838_cleaned.jpg,1,Franklin-D-Roosevelt-1937.jpeg,0.6462,
0,-Do_with_less_so_they'll_have_enough-_-_NARA_-_513838_cleaned.jpg,2,Stalin_in_July_1941-scaled.jpg,0.644,
0,-Do_with_less_so_they'll_have_enough-_-_NARA_-_513838_cleaned.jpg,3,900_Boy Scouts Jamboree.jpg,0.6385,
0,-Do_with_less_so_they'll_have_enough-_-_NARA_-_513838_cleaned.jpg,4,images-3 copy.jpg,0.6381,
0,-Do_with_less_so_they'll_have_enough-_-_NARA_-_513838_cleaned.jpg,5,Little_Red_Riding_Hood_-_J._W._Smith.jpg,0.6348,
0,-Do_with_less_so_they'll_have_enough-_-_NARA_-_513838_cleaned.jpg,6,sized-170983061.jpeg,0.6335,
0,-Do_with_less_so_they'll_have_enough-_-_NARA_-_513838_cleaned.jpg,7,"Raising_the_Flag_on_Iwo_Jima,_larger_-_edit1.jpg",0.6331,
0,-Do_with_less_so_they'll_have_enough-_-_NARA_-_513838_cleaned.jpg,8,Registry-of-the-American-Soldier.png,0.6312,
0,-Do_with_less_so_they'll_have_enough-_-_NARA_-_513838_cleaned.jpg,9,Joseph-Stalin-1950.jpeg,0.6251,
0,-Do_with_less_so_they'll_have_enough-_-_NARA_-_513838_cleaned.jpg,10,images-2 copy.jpg,0.6246,
1,166984289_yj3ay8.jpeg,1,Imam_Khomeini_in_Mehrabad.jpg,0.7536,
1,166984289_yj3ay8.jpeg,2,693.jpg,0.7241,
1,166984289_yj3ay8.jpeg,3,Screenshot 2026-07-30 at 11.26.00 PM.png,0.7209,
1,166984289_yj3ay8.jpeg,4,rtr3xjay.jpg,0.7098,
1,166984289_yj3ay8.jpeg,5,npr.brightspotcdn copy.jpg,0.7095,
1,166984289_yj3ay8.jpeg,6,Mao-Zedong.jpeg,0.7068,
1,166984289_yj3ay8.jpeg,7,Stalin_in_July_1941-scaled.jpg,0.7034,
1,166984289_yj3ay8.jpeg,8,23macfarquharWeb-superJumbo.jpg,0.7032,
1,166984289_yj3ay8.jpeg,9,2023-09-30T051708Z_985728_RC2PI3A53UNF_RTRMADP_3_CHINA-ANNIVERSARY-2-1.webp,0.6949,
1,166984289_yj3ay8.jpeg,10,"Mao_Tsé-toung,_portrait_en_buste,_assis,_faisant_face_à_Nikita_Khrouchtchev,_pendant_la_visite_du_chef_russe_1958_à_Pékin_(Mao_Zedong).jpg",0.6934,
2,177213330-56a2b3c63df78cf77278f29a.jpg,1,slide_336579_3401508_free.jpg,0.827,
2,177213330-56a2b3c63df78cf77278f29a.jpg,2,King_Kong_1933_Promotional_Image.png,0.7063,
2,177213330-56a2b3c63df78cf77278f29a.jpg,3,istockphoto-874876140-170667a.jpg,0.7049,
2,177213330-56a2b3c63df78cf77278f29a.jpg,4,HONDA_ASIMO.jpg,0.704,
2,177213330-56a2b3c63df78cf77278f29a.jpg,5,Large-crowd-of-people-014.jpg,0.6997,
2,177213330-56a2b3c63df78cf77278f29a.jpg,6,President_Barack_Obama.jpg,0.6876,
2,177213330-56a2b3c63df78cf77278f29a.jpg,7,Le_Penseur_by_Rodin_(Kunsthalle_Bielefeld)_2014-04-10.JPG,0.6858,
2,177213330-56a2b3c63df78cf77278f29a.jpg,8,WorldBall-inflatable-globe4__86540.jpg,0.6827,
2,177213330-56a2b3c63df78cf77278f29a.jpg,9,db12166e-abdc-4a7c-b7c0-067d2ea2572a.jpeg,0.6814,
2,177213330-56a2b3c63df78cf77278f29a.jpg,10,photo-1506755594592-349d12a7c52a.jpeg,0.6788,
3,1917_740x.jpeg,1,"71-DuJMBshL._AC_UF1000,1000_QL80_.jpg",0.6961,
3,1917_740x.jpeg,2,Vladimir_Lenin.jpeg,0.6913,
3,1917_740x.jpeg,3,Stalin_in_July_1941-scaled.jpg,0.6717,
3,1917_740x.jpeg,4,Vladimir_Lenin_a_colori_(cropped).jpg,0.6672,
3,1917_740x.jpeg,5,images-2 copy.jpg,0.6642,
3,1917_740x.jpeg,6,Joseph-Stalin-1950.jpeg,0.6527,
3,1917_740x.jpeg,7,Che_Guevara_-_Guerrillero_Heroico_by_Alberto_Korda.jpg,0.6462,
3,1917_740x.jpeg,8,Screenshot 2026-09-13 at 2.38.07 PM.png,0.6457,
3,1917_740x.jpeg,9,images-3 copy.jpg,0.6454,
3,1917_740x.jpeg,10,il_fullxfull.2946516750_ao6g.jpeg,0.641,
4,1944-kultur-terror.jpg,1,NPG-78T0884A_1.jpg,0.6802,
4,1944-kultur-terror.jpg,2,900_Boy Scouts Jamboree.jpg,0.6591,
4,1944-kultur-terror.jpg,3,"Raising_the_Flag_on_Iwo_Jima,_larger_-_edit1.jpg",0.644,
4,1944-kultur-terror.jpg,4,Stalin_in_July_1941-scaled.jpg,0.6429,
4,1944-kultur-terror.jpg,5,"71-DuJMBshL._AC_UF1000,1000_QL80_.jpg",0.6422,
4,1944-kultur-terror.jpg,6,Polyester-American-flag-closeup-angle_6647de24-6210-4bb8-a86f-2b0c5923c020.jpeg,0.6346,
4,1944-kultur-terror.jpg,7,Joseph-Stalin-1950.jpeg,0.6326,
4,1944-kultur-terror.jpg,8,images-3 copy.jpg,0.6283,
4,1944-kultur-terror.jpg,9,King_Kong_1933_Promotional_Image.png,0.6251,
4,1944-kultur-terror.jpg,10,Registry-of-the-American-Soldier.png,0.6246,
5,1944_JonWhitcomb_USNavy_(3214638694).jpg,1,900_Boy Scouts Jamboree.jpg,0.6632,
5,1944_JonWhitcomb_USNavy_(3214638694).jpg,2,"Worker and supervisor at a car factory, Moscow, 1954.jpg",0.6601,
5,1944_JonWhitcomb_USNavy_(3214638694).jpg,3,Polyester-American-flag-closeup-angle_6647de24-6210-4bb8-a86f-2b0c5923c020.jpeg,0.658,
5,1944_JonWhitcomb_USNavy_(3214638694).jpg,4,"Raising_the_Flag_on_Iwo_Jima,_larger_-_edit1.jpg",0.6541,
5,1944_JonWhitcomb_USNavy_(3214638694).jpg,5,vintage-female-mechanic-stockcake.jpg,0.6267,
5,1944_JonWhitcomb_USNavy_(3214638694).jpg,6,Registry-of-the-American-Soldier.png,0.6234,
5,1944_JonWhitcomb_USNavy_(3214638694).jpg,7,RIAN_archive_633872_Workers_of_Soligorsk_potash_plant.jpg,0.6218,
5,1944_JonWhitcomb_USNavy_(3214638694).jpg,8,900_Row-One-Brand_1964-coke-ad-remix-final-row-1.jpg,0.6211,
5,1944_JonWhitcomb_USNavy_(3214638694).jpg,9,Franklin-D-Roosevelt-1937.jpeg,0.618,
5,1944_JonWhitcomb_USNavy_(3214638694).jpg,10,images-51.jpg,0.6151,
6,19july_1080x.jpeg,1,zunzun no.2  dia de las far castro.jpg,0.6821,
6,19july_1080x.jpeg,2,"71-DuJMBshL._AC_UF1000,1000_QL80_.jpg",0.6723,
6,19july_1080x.jpeg,3,Che_Guevara_-_Guerrillero_Heroico_by_Alberto_Korda.jpg,0.6657,
6,19july_1080x.jpeg,4,Stalin_in_July_1941-scaled.jpg,0.6644,
6,19july_1080x.jpeg,5,"Mao_Tsé-toung,_portrait_en_buste,_assis,_faisant_face_à_Nikita_Khrouchtchev,_pendant_la_visite_du_chef_russe_1958_à_Pékin_(Mao_Zedong).jpg",0.6613,
6,19july_1080x.jpeg,6,GrIbt2WXgAArYDk.jpg,0.6593,
6,19july_1080x.jpeg,7,141013-che-guevara-716x1024.jpg,0.6562,
6,19july_1080x.jpeg,8,Screenshot 2026-07-30 at 11.26.00 PM.png,0.6552,
6,19july_1080x.jpeg,9,Joseph-Stalin-1950.jpeg,0.6545,
6,19july_1080x.jpeg,10,693.jpg,0.6541,
7,1_1.jpeg,1,il_fullxfull.2429447703_663m.jpg,0.6713,
7,1_1.jpeg,2,gettyimages-872442016.jpeg,0.6335,
7,1_1.jpeg,3,MV5BMjAxMzY3NjcxNF5BMl5BanBnXkFtZTcwNTI5OTM0Mw@@._V1_FMjpg_UX1000_.jpg,0.6287,
7,1_1.jpeg,4,262788.jpg,0.6256,
7,1_1.jpeg,5,John-F-Kennedy.jpeg,0.6209,
7,1_1.jpeg,6,71AzwgLT2WL.jpg,0.6194,
7,1_1.jpeg,7,s-l1200-1.jpg,0.618,
7,1_1.jpeg,8,best-movie-posters-of-all-time-v0-32lofmtktk6g1.jpeg,0.6179,
7,1_1.jpeg,9,best-movie-posters-of-all-time-v0-jjxf6ntktk6g1.jpeg,0.6177,
7,1_1.jpeg,10,262786.jpg,0.6158,
8,1y344ojs8gmh1.jpg,1,900_Boy Scouts Jamboree.jpg,0.6468,
8,1y344ojs8gmh1.jpg,2,Merry_Old_Santa_Claus_by_Thomas_Nast.jpg,0.6387,
8,1y344ojs8gmh1.jpg,3,Joseph-Stalin-1950.jpeg,0.627,
8,1y344ojs8gmh1.jpg,4,images-2 copy.jpg,0.6269,
8,1y344ojs8gmh1.jpg,5,Stalin_in_July_1941-scaled.jpg,0.6253,
8,1y344ojs8gmh1.jpg,6,"71-DuJMBshL._AC_UF1000,1000_QL80_.jpg",0.6241,
8,1y344ojs8gmh1.jpg,7,NPG-78T0884A_1.jpg,0.6237,
8,1y344ojs8gmh1.jpg,8,images-3 copy.jpg,0.6204,
8,1y344ojs8gmh1.jpg,9,Little_Red_Riding_Hood_-_J._W._Smith.jpg,0.6171,
8,1y344ojs8gmh1.jpg,10,Polyester-American-flag-closeup-angle_6647de24-6210-4bb8-a86f-2b0c5923c020.jpeg,0.6146,
9,2014-01-02_Culture-War_01.jpg,1,Stalin_in_July_1941-scaled.jpg,0.7865,
9,2014-01-02_Culture-War_01.jpg,2,NPG-78T0884A_1.jpg,0.7809,
9,2014-01-02_Culture-War_01.jpg,3,"71-DuJMBshL._AC_UF1000,1000_QL80_.jpg",0.7675,
9,2014-01-02_Culture-War_01.jpg,4,images-3 copy.jpg,0.7661,
9,2014-01-02_Culture-War_01.jpg,5,Joseph-Stalin-1950.jpeg,0.7564,
9,2014-01-02_Culture-War_01.jpg,6,900_Boy Scouts Jamboree.jpg,0.7523,
9,2014-01-02_Culture-War_01.jpg,7,sized-170983061.jpeg,0.7451,
9,2014-01-02_Culture-War_01.jpg,8,images-2 copy.jpg,0.7371,
9,2014-01-02_Culture-War_01.jpg,9,Vladimir_Lenin.jpeg,0.7255,
9,2014-01-02_Culture-War_01.jpg,10,Mao-Zedong-1965.jpeg,0.722,
10,20180714_CND001_0.jpeg,1,b33d83cf315cd3c8d91485188a200399.jpeg,0.7677,
10,20180714_CND001_0.jpeg,2,TRUMP-XI-MEETING-TRADE-GettyImages-2244085159.jpeg,0.7647,
10,20180714_CND001_0.jpeg,3,2023-09-30T051708Z_985728_RC2PI3A53UNF_RTRMADP_3_CHINA-ANNIVERSARY-2-1.webp,0.754,
10,20180714_CND001_0.jpeg,4,GettyImages-8727806941-e1521676525104-1024x637.jpg,0.7273,
10,20180714_CND001_0.jpeg,5,_126347570_gettyimages-1238182438.jpg,0.7184,
10,20180714_CND001_0.jpeg,6,President-of-China-Xi-Jinping.jpeg,0.7136,
10,20180714_CND001_0.jpeg,7,560868.jpg,0.6997,
10,20180714_CND001_0.jpeg,8,trump-obamacare-refunds.jpg,0.6642,
10,20180714_CND001_0.jpeg,9,gettyimages-2294343025.jpg,0.663,
10,20180714_CND001_0.jpeg,10,2565.jpeg,0.6623,
11,2020-person-of-the-year-joe-biden-kamala-harris-portrait-by-jason-seiler-for-time.jpg,1,Biden_One_Year_88488.jpg,0.7101,
11,2020-person-of-the-year-joe-biden-kamala-harris-portrait-by-jason-seiler-for-time.jpg,2,Joe_Biden_presidential_portrait.jpg,0.6955,
11,2020-person-of-the-year-joe-biden-kamala-harris-portrait-by-jason-seiler-for-time.jpg,3,npr.brightspotcdn copy 2.jpg,0.6893,
11,2020-person-of-the-year-joe-biden-kamala-harris-portrait-by-jason-seiler-for-time.jpg,4,harris.jpg,0.6628,
11,2020-person-of-the-year-joe-biden-kamala-harris-portrait-by-jason-seiler-for-time.jpg,5,GettyImages-2179699909-e1748616129354.jpeg,0.6225,
11,2020-person-of-the-year-joe-biden-kamala-harris-portrait-by-jason-seiler-for-time.jpg,6,260731-donald-trump-cabinet-mn-1150-a8c015.jpeg,0.6171,
11,2020-person-of-the-year-joe-biden-kamala-harris-portrait-by-jason-seiler-for-time.jpg,7,aoc-getty.jpg,0.611,
11,2020-person-of-the-year-joe-biden-kamala-harris-portrait-by-jason-seiler-for-time.jpg,8,alexandria-ocasio-cortez-lead.jpeg,0.6056,
11,2020-person-of-the-year-joe-biden-kamala-harris-portrait-by-jason-seiler-for-time.jpg,9,2026_0619_Barack-Obama_-presidential-center.jpg,0.6034,
11,2020-person-of-the-year-joe-biden-kamala-harris-portrait-by-jason-seiler-for-time.jpg,10,"Joe_Biden,_official_photo_portrait_2_(4x5_crop).jpg",0.5978,
12,202242-Xi-Stallard-797x1062.jpg,1,2023-09-30T051708Z_985728_RC2PI3A53UNF_RTRMADP_3_CHINA-ANNIVERSARY-2-1.webp,0.869,
12,202242-Xi-Stallard-797x1062.jpg,2,President-of-China-Xi-Jinping.jpeg,0.8662,
12,202242-Xi-Stallard-797x1062.jpg,3,560868.jpg,0.8545,
12,202242-Xi-Stallard-797x1062.jpg,4,_126347570_gettyimages-1238182438.jpg,0.8367,
12,202242-Xi-Stallard-797x1062.jpg,5,rtr3xjay.jpg,0.7876,
12,202242-Xi-Stallard-797x1062.jpg,6,S1-LZ040_CDIARI_G_20210913165051.jpg,0.7812,
12,202242-Xi-Stallard-797x1062.jpg,7,Mao-Zedong.jpeg,0.7799,
12,202242-Xi-Stallard-797x1062.jpg,8,Mao-Zedong-1965.jpeg,0.7735,
12,202242-Xi-Stallard-797x1062.jpg,9,693.jpg,0.7719,
12,202242-Xi-Stallard-797x1062.jpg,10,TRUMP-XI-MEETING-TRADE-GettyImages-2244085159.jpeg,0.7685,
13,20230724140732-64bec46b9afe9addd5ea4b43jpeg.jpg,1,Swedish-climate-activist-Greta-Thunberg-marches-climate-strike-April-2024.jpeg,0.7347,
13,20230724140732-64bec46b9afe9addd5ea4b43jpeg.jpg,2,2023-09-30T051708Z_985728_RC2PI3A53UNF_RTRMADP_3_CHINA-ANNIVERSARY-2-1.webp,0.6437,
13,20230724140732-64bec46b9afe9addd5ea4b43jpeg.jpg,3,istockphoto-1364054930-612x612.jpg,0.6335,
13,20230724140732-64bec46b9afe9addd5ea4b43jpeg.jpg,4,Mauricio_Artieda____DZANPXEN8P.jpeg,0.6265,
13,20230724140732-64bec46b9afe9addd5ea4b43jpeg.jpg,5,images.jpg,0.6239,
13,20230724140732-64bec46b9afe9addd5ea4b43jpeg.jpg,6,1240216414.jpeg,0.6211,
13,20230724140732-64bec46b9afe9addd5ea4b43jpeg.jpg,7,GettyImages-8727806941-e1521676525104-1024x637.jpg,0.6209,
13,20230724140732-64bec46b9afe9addd5ea4b43jpeg.jpg,8,000_328D73Q.jpg,0.6202,
13,20230724140732-64bec46b9afe9addd5ea4b43jpeg.jpg,9,Emmanuel-Macron-2017.jpeg,0.6187,
13,20230724140732-64bec46b9afe9addd5ea4b43jpeg.jpg,10,photo-1506755594592-349d12a7c52a.jpeg,0.6185,
14,209904-1024.jpg,1,Cross.jpeg,0.6987,
14,209904-1024.jpg,2,f7a8078786ddedc71d709c0c1076a8ed.jpg,0.6608,
14,209904-1024.jpg,3,2827r.jpg,0.6555,
14,209904-1024.jpg,4,best-movie-posters-of-all-time-v0-w3jkbptktk6g1.jpeg,0.6538,
14,209904-1024.jpg,5,Polyester-American-flag-closeup-angle_6647de24-6210-4bb8-a86f-2b0c5923c020.jpeg,0.6295,
14,209904-1024.jpg,6,"71-DuJMBshL._AC_UF1000,1000_QL80_.jpg",0.6234,
14,209904-1024.jpg,7,Stalin_in_July_1941-scaled.jpg,0.6213,
14,209904-1024.jpg,8,zunzun no.2  dia de las far castro.jpg,0.6188,
14,209904-1024.jpg,9,s-l1200-4.jpg,0.6108,
14,209904-1024.jpg,10,Che_Guevara_-_Guerrillero_Heroico_by_Alberto_Korda.jpg,0.6101,
15,210225090559-black-lives-matter-2020-donation-report-restricted.jpg,1,photo-1506755594592-349d12a7c52a.jpeg,0.7801,
15,210225090559-black-lives-matter-2020-donation-report-restricted.jpg,2,istockphoto-1364054930-612x612.jpg,0.78,
15,210225090559-black-lives-matter-2020-donation-report-restricted.jpg,3,images.jpg,0.775,
15,210225090559-black-lives-matter-2020-donation-report-restricted.jpg,4,Polyester-American-flag-closeup-angle_6647de24-6210-4bb8-a86f-2b0c5923c020.jpeg,0.757,
15,210225090559-black-lives-matter-2020-donation-report-restricted.jpg,5,crowd-people-walking-crowded-street-footage-098377624_iconl.jpeg,0.7544,
15,210225090559-black-lives-matter-2020-donation-report-restricted.jpg,6,timon-studler-ABGaVhJxwDQ-unsplash_b99ec30b-edbe-4152-9619-95beb998dd4a-prv.jpg,0.753,
15,210225090559-black-lives-matter-2020-donation-report-restricted.jpg,7,1000_F_58368809_JLfp70GQjwUw6ACsVSUFtxAWwXrTFfaP.jpg,0.7505,
15,210225090559-black-lives-matter-2020-donation-report-restricted.jpg,8,webp.jpeg,0.75,
15,210225090559-black-lives-matter-2020-donation-report-restricted.jpg,9,Large-crowd-of-people-014.jpg,0.7401,
15,210225090559-black-lives-matter-2020-donation-report-restricted.jpg,10,trump-obamacare-refunds.jpg,0.7373,
16,2500.jpeg,1,"At_London_2025_487_-_Statue_of_Winston_Churchill,_Parliament_Square.jpg",0.6263,
16,2500.jpeg,2,np_file_37764.jpg,0.5914,
16,2500.jpeg,3,2023-09-30T051708Z_985728_RC2PI3A53UNF_RTRMADP_3_CHINA-ANNIVERSARY-2-1.webp,0.5861,
16,2500.jpeg,4,gettyimages-2294343025.jpg,0.58,
16,2500.jpeg,5,union-jack-uk-parliament.jpeg,0.5673,
16,2500.jpeg,6,560868.jpg,0.5667,
16,2500.jpeg,7,2022-10-22T202418Z_641060986_RC2B6X98MZ3F_RTRMADP_3_BRITAIN-POLITICS-JOHNSON-ARRIVAL-1024x683.jpg,0.5656,
16,2500.jpeg,8,1240216414.jpeg,0.5603,
16,2500.jpeg,9,GettyImages-2208183148-1024x700.jpg,0.5548,
16,2500.jpeg,10,GettyImages-8727806941-e1521676525104-1024x637.jpg,0.5516,
17,25omer-superJumbo-1.jpg,1,il_fullxfull.2946516750_ao6g.jpeg,0.6814,
17,25omer-superJumbo-1.jpg,2,images.jpg,0.6451,
17,25omer-superJumbo-1.jpg,3,Registry-of-the-American-Soldier.png,0.6447,
17,25omer-superJumbo-1.jpg,4,christopher-burns-pzMP-RGJ7mY-unsplash-scaled-1.jpg,0.6413,
17,25omer-superJumbo-1.jpg,5,2023-09-30T051708Z_985728_RC2PI3A53UNF_RTRMADP_3_CHINA-ANNIVERSARY-2-1.webp,0.634,
17,25omer-superJumbo-1.jpg,6,68382.jpeg,0.6304,
17,25omer-superJumbo-1.jpg,7,central-business-district.jpg,0.63,
17,25omer-superJumbo-1.jpg,8,timon-studler-ABGaVhJxwDQ-unsplash_b99ec30b-edbe-4152-9619-95beb998dd4a-prv.jpg,0.6248,
17,25omer-superJumbo-1.jpg,9,BN-CU905_ObamaG_FR_20140515164201.jpg,0.6209,
17,25omer-superJumbo-1.jpg,10,photo-1506755594592-349d12a7c52a.jpeg,0.6173,
18,25years_1080x.jpeg,1,best-movie-posters-of-all-time-v0-w3jkbptktk6g1.jpeg,0.7087,
18,25years_1080x.jpeg,2,"71-DuJMBshL._AC_UF1000,1000_QL80_.jpg",0.6966,
18,25years_1080x.jpeg,3,Stalin_in_July_1941-scaled.jpg,0.693,
18,25years_1080x.jpeg,4,Che_Guevara_-_Guerrillero_Heroico_by_Alberto_Korda.jpg,0.6842,
18,25years_1080x.jpeg,5,images copy.jpg,0.6785,
18,25years_1080x.jpeg,6,GrIbt2WXgAArYDk.jpg,0.6736,
18,25years_1080x.jpeg,7,best-movie-posters-of-all-time-v0-32lofmtktk6g1.jpeg,0.6724,
18,25years_1080x.jpeg,8,Screenshot 2026-09-13 at 2.38.07 PM.png,0.6693,
18,25years_1080x.jpeg,9,best-movie-posters-of-all-time-v0-jjxf6ntktk6g1.jpeg,0.666,
18,25years_1080x.jpeg,10,best-movie-posters-of-all-time-v0-2gl1lntktk6g1.jpeg,0.664,
19,26julyposter_1080x.jpeg,1,zunzun no.2  dia de las far castro.jpg,0.7841,
19,26julyposter_1080x.jpeg,2,Che_Guevara_-_Guerrillero_Heroico_by_Alberto_Korda.jpg,0.76,
19,26julyposter_1080x.jpeg,3,141013-che-guevara-716x1024.jpg,0.7565,
19,26julyposter_1080x.jpeg,4,ap_080916029731_35535176_ver1.0.jpeg,0.7448,
19,26julyposter_1080x.jpeg,5,"71-DuJMBshL._AC_UF1000,1000_QL80_.jpg",0.7155,
19,26julyposter_1080x.jpeg,6,Vladimir_Lenin.jpeg,0.6913,
19,26julyposter_1080x.jpeg,7,images-2 copy.jpg,0.6862,
19,26julyposter_1080x.jpeg,8,Vladimir_Lenin_a_colori_(cropped).jpg,0.6862,
19,26julyposter_1080x.jpeg,9,Stalin_in_July_1941-scaled.jpg,0.6724,
19,26julyposter_1080x.jpeg,10,Joseph-Stalin-1950.jpeg,0.6667,
20,3.jpg,1,pointing-finger-forward-stockcake.jpg,0.7013,
20,3.jpg,2,images-2 copy.jpg,0.6955,
20,3.jpg,3,Polyester-American-flag-closeup-angle_6647de24-6210-4bb8-a86f-2b0c5923c020.jpeg,0.6928,
20,3.jpg,4,Stalin_in_July_1941-scaled.jpg,0.6919,
20,3.jpg,5,Joseph-Stalin-1950.jpeg,0.6796,
20,3.jpg,6,images-3 copy.jpg,0.6788,
20,3.jpg,7,900_Boy Scouts Jamboree.jpg,0.674,
20,3.jpg,8,Large-crowd-of-people-014.jpg,0.6729,
20,3.jpg,9,"71-DuJMBshL._AC_UF1000,1000_QL80_.jpg",0.6726,
20,3.jpg,10,2827r.jpg,0.6709,
21,30051001321444-(Cropped)_0.jpg,1,693.jpg,0.8217,
21,30051001321444-(Cropped)_0.jpg,2,"Mao_Tsé-toung,_portrait_en_buste,_assis,_faisant_face_à_Nikita_Khrouchtchev,_pendant_la_visite_du_chef_russe_1958_à_Pékin_(Mao_Zedong).jpg",0.8198,
21,30051001321444-(Cropped)_0.jpg,3,Mao-Zedong-1965.jpeg,0.8112,
21,30051001321444-(Cropped)_0.jpg,4,China-Deng-Xiao-ping-005-1.jpg,0.7944,
21,30051001321444-(Cropped)_0.jpg,5,S1-LZ040_CDIARI_G_20210913165051.jpg,0.794,
21,30051001321444-(Cropped)_0.jpg,6,MV5BNWU5ZTg3NDYtYzM1MC00YWMzLWEyYTktNGEyZTgyYjlmMDExXkEyXkFqcGc@._V1_.jpg,0.7939,
21,30051001321444-(Cropped)_0.jpg,7,Mao-Zedong.jpeg,0.7939,
21,30051001321444-(Cropped)_0.jpg,8,Stalin_in_July_1941-scaled.jpg,0.7929,
21,30051001321444-(Cropped)_0.jpg,9,Che_Guevara_-_Guerrillero_Heroico_by_Alberto_Korda.jpg,0.7839,
21,30051001321444-(Cropped)_0.jpg,10,1967-10_1967年毛泽东与林彪.jpg,0.7834,
22,"30a_Sammlung_Eybl_Großbritannien._Alfred_Leete_(1882–1933)_Britons_(Kitchener)_wants_you_(Briten_Kitchener_braucht_Euch)._1914_(Nachdruck),_74_x_50_cm._(Slg.Nr._552).jpg",1,900_Boy Scouts Jamboree.jpg,0.7092,
22,"30a_Sammlung_Eybl_Großbritannien._Alfred_Leete_(1882–1933)_Britons_(Kitchener)_wants_you_(Briten_Kitchener_braucht_Euch)._1914_(Nachdruck),_74_x_50_cm._(Slg.Nr._552).jpg",2,Stalin_in_July_1941-scaled.jpg,0.7023,
22,"30a_Sammlung_Eybl_Großbritannien._Alfred_Leete_(1882–1933)_Britons_(Kitchener)_wants_you_(Briten_Kitchener_braucht_Euch)._1914_(Nachdruck),_74_x_50_cm._(Slg.Nr._552).jpg",3,Joseph-Stalin-1950.jpeg,0.6867,
22,"30a_Sammlung_Eybl_Großbritannien._Alfred_Leete_(1882–1933)_Britons_(Kitchener)_wants_you_(Briten_Kitchener_braucht_Euch)._1914_(Nachdruck),_74_x_50_cm._(Slg.Nr._552).jpg",4,images-3 copy.jpg,0.686,
22,"30a_Sammlung_Eybl_Großbritannien._Alfred_Leete_(1882–1933)_Britons_(Kitchener)_wants_you_(Briten_Kitchener_braucht_Euch)._1914_(Nachdruck),_74_x_50_cm._(Slg.Nr._552).jpg",5,Polyester-American-flag-closeup-angle_6647de24-6210-4bb8-a86f-2b0c5923c020.jpeg,0.6831,
22,"30a_Sammlung_Eybl_Großbritannien._Alfred_Leete_(1882–1933)_Britons_(Kitchener)_wants_you_(Briten_Kitchener_braucht_Euch)._1914_(Nachdruck),_74_x_50_cm._(Slg.Nr._552).jpg",6,"71-DuJMBshL._AC_UF1000,1000_QL80_.jpg",0.6802,
22,"30a_Sammlung_Eybl_Großbritannien._Alfred_Leete_(1882–1933)_Britons_(Kitchener)_wants_you_(Briten_Kitchener_braucht_Euch)._1914_(Nachdruck),_74_x_50_cm._(Slg.Nr._552).jpg",7,images-2 copy.jpg,0.6767,
22,"30a_Sammlung_Eybl_Großbritannien._Alfred_Leete_(1882–1933)_Britons_(Kitchener)_wants_you_(Briten_Kitchener_braucht_Euch)._1914_(Nachdruck),_74_x_50_cm._(Slg.Nr._552).jpg",8,7.2-Margaret-Thatcher.jpg,0.6664,
22,"30a_Sammlung_Eybl_Großbritannien._Alfred_Leete_(1882–1933)_Britons_(Kitchener)_wants_you_(Briten_Kitchener_braucht_Euch)._1914_(Nachdruck),_74_x_50_cm._(Slg.Nr._552).jpg",9,2827r.jpg,0.6664,
22,"30a_Sammlung_Eybl_Großbritannien._Alfred_Leete_(1882–1933)_Britons_(Kitchener)_wants_you_(Briten_Kitchener_braucht_Euch)._1914_(Nachdruck),_74_x_50_cm._(Slg.Nr._552).jpg",10,King_George_VI_LOC_matpc.14736_A_(cropped).jpg,0.666,
23,40bnjns67muz.jpg,1,lungs.jpg,0.5918,
23,40bnjns67muz.jpg,2,Heart-and-lungs.jpg,0.5402,
23,40bnjns67muz.jpg,3,il_fullxfull.2946516750_ao6g.jpeg,0.4537,
23,40bnjns67muz.jpg,4,s-l1200.jpg,0.4508,
23,40bnjns67muz.jpg,5,Merry_Old_Santa_Claus_by_Thomas_Nast.jpg,0.4418,
23,40bnjns67muz.jpg,6,HONDA_ASIMO.jpg,0.4401,
23,40bnjns67muz.jpg,7,Screenshot 2026-09-13 at 2.38.59 PM.png,0.4382,
23,40bnjns67muz.jpg,8,262788.jpg,0.4376,
23,40bnjns67muz.jpg,9,s-l1200-5.jpg,0.4373,
23,40bnjns67muz.jpg,10,MV5BMjAxMzY3NjcxNF5BMl5BanBnXkFtZTcwNTI5OTM0Mw@@._V1_FMjpg_UX1000_.jpg,0.4354,
24,4isrv8gtuykh1.jpg,1,_126347570_gettyimages-1238182438.jpg,0.6637,
24,4isrv8gtuykh1.jpg,2,President-of-China-Xi-Jinping.jpeg,0.6551,
24,4isrv8gtuykh1.jpg,3,2023-09-30T051708Z_985728_RC2PI3A53UNF_RTRMADP_3_CHINA-ANNIVERSARY-2-1.webp,0.6539,
24,4isrv8gtuykh1.jpg,4,560868.jpg,0.6208,
24,4isrv8gtuykh1.jpg,5,TRUMP-XI-MEETING-TRADE-GettyImages-2244085159.jpeg,0.6084,
24,4isrv8gtuykh1.jpg,6,b33d83cf315cd3c8d91485188a200399.jpeg,0.6065,
24,4isrv8gtuykh1.jpg,7,Mao-Zedong-1965.jpeg,0.5844,
24,4isrv8gtuykh1.jpg,8,mao_great_leap_forward_history_today_0.jpeg,0.5794,
24,4isrv8gtuykh1.jpg,9,1000w_q95.jpeg,0.5771,
24,4isrv8gtuykh1.jpg,10,693.jpg,0.5758,
25,5002.jpeg,1,images.jpg,0.9088,
25,5002.jpeg,2,istockphoto-1364054930-612x612.jpg,0.7007,
25,5002.jpeg,3,Polyester-American-flag-closeup-angle_6647de24-6210-4bb8-a86f-2b0c5923c020.jpeg,0.6978,
25,5002.jpeg,4,2023-09-30T051708Z_985728_RC2PI3A53UNF_RTRMADP_3_CHINA-ANNIVERSARY-2-1.webp,0.6909,
25,5002.jpeg,5,GettyImages-8727806941-e1521676525104-1024x637.jpg,0.6852,
25,5002.jpeg,6,photo-1506755594592-349d12a7c52a.jpeg,0.6849,
25,5002.jpeg,7,2026-07-27T171950Z_1848935881_RC2HMMA1HQJN_RTRMADP_3_USA-TRUMP-1024x689.jpg,0.6843,
25,5002.jpeg,8,trump-obamacare-refunds.jpg,0.684,
25,5002.jpeg,9,timon-studler-ABGaVhJxwDQ-unsplash_b99ec30b-edbe-4152-9619-95beb998dd4a-prv.jpg,0.6796,
25,5002.jpeg,10,webp.jpeg,0.6785,
26,"51XxDU4SESL._AC_UF894,1000_QL80_.jpg",1,npr.brightspotcdn copy 2.jpg,0.8411,
26,"51XxDU4SESL._AC_UF894,1000_QL80_.jpg",2,Biden_One_Year_88488.jpg,0.8408,
26,"51XxDU4SESL._AC_UF894,1000_QL80_.jpg",3,"Joe_Biden,_official_photo_portrait_2_(4x5_crop).jpg",0.7995,
26,"51XxDU4SESL._AC_UF894,1000_QL80_.jpg",4,Joe_Biden_presidential_portrait.jpg,0.7619,
26,"51XxDU4SESL._AC_UF894,1000_QL80_.jpg",5,GettyImages-2179699909-e1748616129354.jpeg,0.7435,
26,"51XxDU4SESL._AC_UF894,1000_QL80_.jpg",6,BN-CU905_ObamaG_FR_20140515164201.jpg,0.7342,
26,"51XxDU4SESL._AC_UF894,1000_QL80_.jpg",7,President_Barack_Obama.jpg,0.7296,
26,"51XxDU4SESL._AC_UF894,1000_QL80_.jpg",8,Bill-Clinton.jpeg,0.721,
26,"51XxDU4SESL._AC_UF894,1000_QL80_.jpg",9,2026_0619_Barack-Obama_-presidential-center.jpg,0.7181,
26,"51XxDU4SESL._AC_UF894,1000_QL80_.jpg",10,the-obamas-potus.jpg,0.7072,
27,5f42d2450eaf3f13008ffac003a0b916-1.jpg,1,gettyimages-872442016.jpeg,0.6878,
27,5f42d2450eaf3f13008ffac003a0b916-1.jpg,2,Franklin-D-Roosevelt-1937.jpeg,0.6646,
27,5f42d2450eaf3f13008ffac003a0b916-1.jpg,3,John-F-Kennedy.jpeg,0.6628,
27,5f42d2450eaf3f13008ffac003a0b916-1.jpg,4,los-angeles-california-nixon-press-conference-at-the-news-photo-1690823585.jpeg,0.6461,
27,5f42d2450eaf3f13008ffac003a0b916-1.jpg,5,Richard-M-Nixon-1969.jpeg,0.6286,
27,5f42d2450eaf3f13008ffac003a0b916-1.jpg,6,jfk-assassination.jpeg,0.6114,
27,5f42d2450eaf3f13008ffac003a0b916-1.jpg,7,"FDR-1944-Campaign-Portrait_(3x4_retouched,_cropped).jpg",0.6082,
27,5f42d2450eaf3f13008ffac003a0b916-1.jpg,8,Che_Guevara_-_Guerrillero_Heroico_by_Alberto_Korda.jpg,0.5986,
27,5f42d2450eaf3f13008ffac003a0b916-1.jpg,9,President_Barack_Obama.jpg,0.5984,
27,5f42d2450eaf3f13008ffac003a0b916-1.jpg,10,900_Row-One-Brand_1964-coke-ad-remix-final-row-1.jpg,0.5973,
28,5v4gdq2873ph1.jpg,1,SamuraiArmor-Feat.jpg,0.6594,
28,5v4gdq2873ph1.jpg,2,Little_Red_Riding_Hood_-_J._W._Smith.jpg,0.6343,
28,5v4gdq2873ph1.jpg,3,900_Boy Scouts Jamboree.jpg,0.6037,
28,5v4gdq2873ph1.jpg,4,Screenshot 2026-09-13 at 2.42.13 PM.png,0.602,
28,5v4gdq2873ph1.jpg,5,zunzun no.2  dia de las far castro.jpg,0.5887,
28,5v4gdq2873ph1.jpg,6,Le_Penseur_by_Rodin_(Kunsthalle_Bielefeld)_2014-04-10.JPG,0.5844,
28,5v4gdq2873ph1.jpg,7,William-Adolphe_Bouguereau_(1825-1905)_-_Dante_And_Virgil_In_Hell_(1850).jpg,0.5788,
28,5v4gdq2873ph1.jpg,8,"71-DuJMBshL._AC_UF1000,1000_QL80_.jpg",0.5763,
28,5v4gdq2873ph1.jpg,9,db12166e-abdc-4a7c-b7c0-067d2ea2572a.jpeg,0.5741,
28,5v4gdq2873ph1.jpg,10,Merry_Old_Santa_Claus_by_Thomas_Nast.jpg,0.5721,
29,6-chinese-kmt-nationalist-party-posters-advocating-joining-v0-joqr91gsd70f1.jpeg,1,GrIbt2WXgAArYDk.jpg,0.7048,
29,6-chinese-kmt-nationalist-party-posters-advocating-joining-v0-joqr91gsd70f1.jpeg,2,mao-zedong-jiang-jieshi-histoire.jpeg,0.7022,
29,6-chinese-kmt-nationalist-party-posters-advocating-joining-v0-joqr91gsd70f1.jpeg,3,693.jpg,0.6936,
29,6-chinese-kmt-nationalist-party-posters-advocating-joining-v0-joqr91gsd70f1.jpeg,4,images copy.jpg,0.6769,
29,6-chinese-kmt-nationalist-party-posters-advocating-joining-v0-joqr91gsd70f1.jpeg,5,1967-10_1967年毛泽东与林彪.jpg,0.6765,
29,6-chinese-kmt-nationalist-party-posters-advocating-joining-v0-joqr91gsd70f1.jpeg,6,Mao-Zedong.jpeg,0.6681,
29,6-chinese-kmt-nationalist-party-posters-advocating-joining-v0-joqr91gsd70f1.jpeg,7,Mao-Zedong-1965.jpeg,0.6671,
29,6-chinese-kmt-nationalist-party-posters-advocating-joining-v0-joqr91gsd70f1.jpeg,8,150826233935-ww2-china-8-exlarge-169-5355409.jpg,0.661,
29,6-chinese-kmt-nationalist-party-posters-advocating-joining-v0-joqr91gsd70f1.jpeg,9,"Mao_Tsé-toung,_portrait_en_buste,_assis,_faisant_face_à_Nikita_Khrouchtchev,_pendant_la_visite_du_chef_russe_1958_à_Pékin_(Mao_Zedong).jpg",0.6598,
29,6-chinese-kmt-nationalist-party-posters-advocating-joining-v0-joqr91gsd70f1.jpeg,10,mao_great_leap_forward_history_today_0.jpeg,0.6598,
30,6197c428432ef900197ce118.jpeg,1,2023-09-30T051708Z_985728_RC2PI3A53UNF_RTRMADP_3_CHINA-ANNIVERSARY-2-1.webp,0.685,
30,6197c428432ef900197ce118.jpeg,2,istockphoto-1364054930-612x612.jpg,0.6654,
30,6197c428432ef900197ce118.jpeg,3,images-51.jpg,0.6642,
30,6197c428432ef900197ce118.jpeg,4,webp.jpeg,0.661,
30,6197c428432ef900197ce118.jpeg,5,images-6.jpg,0.6607,
30,6197c428432ef900197ce118.jpeg,6,images.jpg,0.6572,
30,6197c428432ef900197ce118.jpeg,7,2026-07-27T171950Z_1848935881_RC2HMMA1HQJN_RTRMADP_3_USA-TRUMP-1024x689.jpg,0.6548,
30,6197c428432ef900197ce118.jpeg,8,aoc-getty.jpg,0.6538,
30,6197c428432ef900197ce118.jpeg,9,Manufacturing-Engineering-Careers_3.jpg,0.6524,
30,6197c428432ef900197ce118.jpeg,10,2026_0619_Barack-Obama_-presidential-center.jpg,0.6516,
31,"61UJ2AIywxL._AC_UF894,1000_QL80_.jpg",1,harris.jpg,0.824,
31,"61UJ2AIywxL._AC_UF894,1000_QL80_.jpg",2,aoc-getty.jpg,0.7083,
31,"61UJ2AIywxL._AC_UF894,1000_QL80_.jpg",3,Joe_Biden_presidential_portrait.jpg,0.7051,
31,"61UJ2AIywxL._AC_UF894,1000_QL80_.jpg",4,Hillary_Clinton_official_Secretary_of_State_portrait_crop.jpg,0.7004,
31,"61UJ2AIywxL._AC_UF894,1000_QL80_.jpg",5,Biden_One_Year_88488.jpg,0.6886,
31,"61UJ2AIywxL._AC_UF894,1000_QL80_.jpg",6,President_Barack_Obama.jpg,0.6707,
31,"61UJ2AIywxL._AC_UF894,1000_QL80_.jpg",7,000_328D73Q.jpg,0.6633,
31,"61UJ2AIywxL._AC_UF894,1000_QL80_.jpg",8,GettyImages-2179699909-e1748616129354.jpeg,0.6603,
31,"61UJ2AIywxL._AC_UF894,1000_QL80_.jpg",9,alexandria-ocasio-cortez-lead.jpeg,0.6502,
31,"61UJ2AIywxL._AC_UF894,1000_QL80_.jpg",10,npr.brightspotcdn copy 2.jpg,0.6498,
32,6ri2kqu166ph1.jpg,1,900_Boy Scouts Jamboree.jpg,0.7005,
32,6ri2kqu166ph1.jpg,2,1861-British-walking-and-sporting-costume.jpg,0.6702,
32,6ri2kqu166ph1.jpg,3,SamuraiArmor-Feat.jpg,0.6537,
32,6ri2kqu166ph1.jpg,4,images copy.jpg,0.6511,
32,6ri2kqu166ph1.jpg,5,43452_George-V.jpeg,0.6425,
32,6ri2kqu166ph1.jpg,6,images-2 copy.jpg,0.6378,
32,6ri2kqu166ph1.jpg,7,1000w_q95.jpeg,0.6358,
32,6ri2kqu166ph1.jpg,8,Stalin_in_July_1941-scaled.jpg,0.6337,
32,6ri2kqu166ph1.jpg,9,1982Jun9-1038x576.jpg,0.6296,
32,6ri2kqu166ph1.jpg,10,Mao-Zedong-1965.jpeg,0.6273,
33,6wb24jldzlgh1.png,1,SamuraiArmor-Feat.jpg,0.8154,
33,6wb24jldzlgh1.png,2,Throne-of-Blood.jpg,0.6616,
33,6wb24jldzlgh1.png,3,Seven-Samurai.jpg,0.6578,
33,6wb24jldzlgh1.png,4,image-asset.jpeg,0.6447,
33,6wb24jldzlgh1.png,5,William-Adolphe_Bouguereau_(1825-1905)_-_Dante_And_Virgil_In_Hell_(1850).jpg,0.6363,
33,6wb24jldzlgh1.png,6,Screenshot 2026-09-13 at 2.39.17 PM.png,0.6222,
33,6wb24jldzlgh1.png,7,rtr3xjay.jpg,0.6032,
33,6wb24jldzlgh1.png,8,King_Kong_1933_Promotional_Image.png,0.601,
33,6wb24jldzlgh1.png,9,Screenshot 2026-09-13 at 2.42.13 PM.png,0.5995,
33,6wb24jldzlgh1.png,10,1861-British-walking-and-sporting-costume.jpg,0.5977,
34,"71lKOv8b8sL._AC_UF894,1000_QL80_.jpg",1,1861-British-walking-and-sporting-costume.jpg,0.6852,
34,"71lKOv8b8sL._AC_UF894,1000_QL80_.jpg",2,William-Adolphe_Bouguereau_(1825-1905)_-_Dante_And_Virgil_In_Hell_(1850).jpg,0.6285,
34,"71lKOv8b8sL._AC_UF894,1000_QL80_.jpg",3,Little_Red_Riding_Hood_-_J._W._Smith.jpg,0.6112,
34,"71lKOv8b8sL._AC_UF894,1000_QL80_.jpg",4,SamuraiArmor-Feat.jpg,0.6091,
34,"71lKOv8b8sL._AC_UF894,1000_QL80_.jpg",5,Screenshot 2026-09-13 at 2.42.27 PM.png,0.6085,
34,"71lKOv8b8sL._AC_UF894,1000_QL80_.jpg",6,Screenshot 2026-09-13 at 2.38.59 PM.png,0.6047,
34,"71lKOv8b8sL._AC_UF894,1000_QL80_.jpg",7,900_Boy Scouts Jamboree.jpg,0.6003,
34,"71lKOv8b8sL._AC_UF894,1000_QL80_.jpg",8,Screenshot 2026-09-13 at 2.38.07 PM.png,0.5988,
34,"71lKOv8b8sL._AC_UF894,1000_QL80_.jpg",9,Screenshot 2026-09-13 at 2.40.19 PM.png,0.5981,
34,"71lKOv8b8sL._AC_UF894,1000_QL80_.jpg",10,Screenshot 2026-09-13 at 2.42.13 PM.png,0.5979,
35,734to4obd6ph1.jpg,1,900_Boy Scouts Jamboree.jpg,0.6602,
35,734to4obd6ph1.jpg,2,150826233935-ww2-china-8-exlarge-169-5355409.jpg,0.6361,
35,734to4obd6ph1.jpg,3,best-movie-posters-of-all-time-v0-jjxf6ntktk6g1.jpeg,0.6302,
35,734to4obd6ph1.jpg,4,gettyimages-1061707698.jpeg,0.6109,
35,734to4obd6ph1.jpg,5,"Raising_the_Flag_on_Iwo_Jima,_larger_-_edit1.jpg",0.6043,
35,734to4obd6ph1.jpg,6,ANOTHER-NEW-POPEYE-S3-scaled.jpg,0.5966,
35,734to4obd6ph1.jpg,7,Polyester-American-flag-closeup-angle_6647de24-6210-4bb8-a86f-2b0c5923c020.jpeg,0.5943,
35,734to4obd6ph1.jpg,8,Franklin-D-Roosevelt-1937.jpeg,0.5927,
35,734to4obd6ph1.jpg,9,2023-09-30T051708Z_985728_RC2PI3A53UNF_RTRMADP_3_CHINA-ANNIVERSARY-2-1.webp,0.5856,
35,734to4obd6ph1.jpg,10,Registry-of-the-American-Soldier.png,0.5835,
36,74cdbfec-2639-11e7-a553-18fc4dcb5811_image_hires_181540.jpg,1,TRUMP-XI-MEETING-TRADE-GettyImages-2244085159.jpeg,0.8111,
36,74cdbfec-2639-11e7-a553-18fc4dcb5811_image_hires_181540.jpg,2,b33d83cf315cd3c8d91485188a200399.jpeg,0.8075,
36,74cdbfec-2639-11e7-a553-18fc4dcb5811_image_hires_181540.jpg,3,GettyImages-8727806941-e1521676525104-1024x637.jpg,0.767,
36,74cdbfec-2639-11e7-a553-18fc4dcb5811_image_hires_181540.jpg,4,2023-09-30T051708Z_985728_RC2PI3A53UNF_RTRMADP_3_CHINA-ANNIVERSARY-2-1.webp,0.7642,
36,74cdbfec-2639-11e7-a553-18fc4dcb5811_image_hires_181540.jpg,5,trump-obamacare-refunds.jpg,0.7305,
36,74cdbfec-2639-11e7-a553-18fc4dcb5811_image_hires_181540.jpg,6,President-of-China-Xi-Jinping.jpeg,0.7286,
36,74cdbfec-2639-11e7-a553-18fc4dcb5811_image_hires_181540.jpg,7,webp.jpeg,0.7264,
36,74cdbfec-2639-11e7-a553-18fc4dcb5811_image_hires_181540.jpg,8,2026-07-27T171950Z_1848935881_RC2HMMA1HQJN_RTRMADP_3_USA-TRUMP-1024x689.jpg,0.725,
36,74cdbfec-2639-11e7-a553-18fc4dcb5811_image_hires_181540.jpg,9,560868.jpg,0.7153,
36,74cdbfec-2639-11e7-a553-18fc4dcb5811_image_hires_181540.jpg,10,18dc-trump-allies01-photo-gqbf-mediumSquareAt3X.jpg,0.7091,
37,791586947-origin.jpg,1,slide_336579_3401508_free.jpg,0.8463,
37,791586947-origin.jpg,2,images.jpg,0.6681,
37,791586947-origin.jpg,3,timon-studler-ABGaVhJxwDQ-unsplash_b99ec30b-edbe-4152-9619-95beb998dd4a-prv.jpg,0.6617,
37,791586947-origin.jpg,4,photo-1506755594592-349d12a7c52a.jpeg,0.6563,
37,791586947-origin.jpg,5,central-business-district.jpg,0.6547,
37,791586947-origin.jpg,6,Large-crowd-of-people-014.jpg,0.6518,
37,791586947-origin.jpg,7,images-1 copy.jpg,0.6514,
37,791586947-origin.jpg,8,BN-CU905_ObamaG_FR_20140515164201.jpg,0.6482,
37,791586947-origin.jpg,9,Cross.jpeg,0.6478,
37,791586947-origin.jpg,10,gettyimages-828258182-scaled.jpg,0.6465,
38,7guzyxkuk1ph1.jpg,1,900_Boy Scouts Jamboree.jpg,0.6388,
38,7guzyxkuk1ph1.jpg,2,Stalin_in_July_1941-scaled.jpg,0.633,
38,7guzyxkuk1ph1.jpg,3,images-2 copy.jpg,0.6307,
38,7guzyxkuk1ph1.jpg,4,"71-DuJMBshL._AC_UF1000,1000_QL80_.jpg",0.6289,
38,7guzyxkuk1ph1.jpg,5,images-3 copy.jpg,0.628,
38,7guzyxkuk1ph1.jpg,6,Vladimir_Lenin.jpeg,0.6277,
38,7guzyxkuk1ph1.jpg,7,best-movie-posters-of-all-time-v0-w3jkbptktk6g1.jpeg,0.6246,
38,7guzyxkuk1ph1.jpg,8,Joseph-Stalin-1950.jpeg,0.6181,
38,7guzyxkuk1ph1.jpg,9,sized-170983061.jpeg,0.6045,
38,7guzyxkuk1ph1.jpg,10,"Worker and supervisor at a car factory, Moscow, 1954.jpg",0.5973,
39,91H8j-qljjL.jpg,1,images copy.jpg,0.7368,
39,91H8j-qljjL.jpg,2,Stalin_in_July_1941-scaled.jpg,0.7284,
39,91H8j-qljjL.jpg,3,Throne-of-Blood.jpg,0.7113,
39,91H8j-qljjL.jpg,4,SamuraiArmor-Feat.jpg,0.7079,
39,91H8j-qljjL.jpg,5,images-3 copy.jpg,0.6977,
39,91H8j-qljjL.jpg,6,NPG-78T0884A_1.jpg,0.6916,
39,91H8j-qljjL.jpg,7,Mao-Zedong-1965.jpeg,0.6849,
39,91H8j-qljjL.jpg,8,Joseph-Stalin-1950.jpeg,0.6829,
39,91H8j-qljjL.jpg,9,"71-DuJMBshL._AC_UF1000,1000_QL80_.jpg",0.682,
39,91H8j-qljjL.jpg,10,sized-170983061.jpeg,0.6795,
40,"91e3Z-MX-sL._AC_UF1000,1000_QL80_.jpg",1,images-1 copy.jpg,0.7588,
40,"91e3Z-MX-sL._AC_UF1000,1000_QL80_.jpg",2,68382.jpeg,0.6336,
40,"91e3Z-MX-sL._AC_UF1000,1000_QL80_.jpg",3,President-of-China-Xi-Jinping.jpeg,0.6094,
40,"91e3Z-MX-sL._AC_UF1000,1000_QL80_.jpg",4,Screenshot 2026-09-13 at 2.44.25 PM.png,0.6075,
40,"91e3Z-MX-sL._AC_UF1000,1000_QL80_.jpg",5,Richard-M-Nixon-1969.jpeg,0.5983,
40,"91e3Z-MX-sL._AC_UF1000,1000_QL80_.jpg",6,23macfarquharWeb-superJumbo.jpg,0.5942,
40,"91e3Z-MX-sL._AC_UF1000,1000_QL80_.jpg",7,Screenshot 2026-09-13 at 2.38.07 PM.png,0.5929,
40,"91e3Z-MX-sL._AC_UF1000,1000_QL80_.jpg",8,los-angeles-california-nixon-press-conference-at-the-news-photo-1690823585.jpeg,0.5913,
40,"91e3Z-MX-sL._AC_UF1000,1000_QL80_.jpg",9,Che_Guevara_-_Guerrillero_Heroico_by_Alberto_Korda.jpg,0.5894,
40,"91e3Z-MX-sL._AC_UF1000,1000_QL80_.jpg",10,s-l1200-3.jpg,0.5878,
41,92262a_900x.jpeg,1,Merry_Old_Santa_Claus_by_Thomas_Nast.jpg,0.5999,
41,92262a_900x.jpeg,2,high-hampton-lobby-tree-6705b145184cd.jpeg,0.5738,
41,92262a_900x.jpeg,3,900_Boy Scouts Jamboree.jpg,0.5716,
41,92262a_900x.jpeg,4,WRG-2241030_3-ft-Nordic-Frost-Decorated-Tree-Kit_SSC.jpeg,0.5652,
41,92262a_900x.jpeg,5,Franklin-D-Roosevelt-1937.jpeg,0.5584,
41,92262a_900x.jpeg,6,"71-DuJMBshL._AC_UF1000,1000_QL80_.jpg",0.5562,
41,92262a_900x.jpeg,7,Stalin_in_July_1941-scaled.jpg,0.5531,
41,92262a_900x.jpeg,8,sized-170983061.jpeg,0.5516,
41,92262a_900x.jpeg,9,best-movie-posters-of-all-time-v0-jjxf6ntktk6g1.jpeg,0.55,
41,92262a_900x.jpeg,10,images-2 copy.jpg,0.5497,
42,93cc8df4-9ff3-4d57-b514-ceb1fc746fc7.jpeg,1,000_328D73Q.jpg,0.8503,
42,93cc8df4-9ff3-4d57-b514-ceb1fc746fc7.jpeg,2,Emmanuel-Macron-2017.jpeg,0.7844,
42,93cc8df4-9ff3-4d57-b514-ceb1fc746fc7.jpeg,3,1240216414.jpeg,0.78,
42,93cc8df4-9ff3-4d57-b514-ceb1fc746fc7.jpeg,4,190701_r34542.jpeg,0.7217,
42,93cc8df4-9ff3-4d57-b514-ceb1fc746fc7.jpeg,5,2827r.jpg,0.7171,
42,93cc8df4-9ff3-4d57-b514-ceb1fc746fc7.jpeg,6,image1170x530cropped.jpg,0.7024,
42,93cc8df4-9ff3-4d57-b514-ceb1fc746fc7.jpeg,7,npr.brightspotcdn.jpg,0.7024,
42,93cc8df4-9ff3-4d57-b514-ceb1fc746fc7.jpeg,8,GettyImages-8727806941-e1521676525104-1024x637.jpg,0.6899,
42,93cc8df4-9ff3-4d57-b514-ceb1fc746fc7.jpeg,9,GettyImages-2208183148-1024x700.jpg,0.6682,
42,93cc8df4-9ff3-4d57-b514-ceb1fc746fc7.jpeg,10,2026-07-27T171950Z_1848935881_RC2HMMA1HQJN_RTRMADP_3_USA-TRUMP-1024x689.jpg,0.6584,
43,9uwdb0f9bhoh1.png,1,900_Boy Scouts Jamboree.jpg,0.6376,
43,9uwdb0f9bhoh1.png,2,King_Kong_1933_Promotional_Image.png,0.6366,
43,9uwdb0f9bhoh1.png,3,zunzun no.2  dia de las far castro.jpg,0.6335,
43,9uwdb0f9bhoh1.png,4,Stalin_in_July_1941-scaled.jpg,0.6318,
43,9uwdb0f9bhoh1.png,5,best-movie-posters-of-all-time-v0-w3jkbptktk6g1.jpeg,0.6266,
43,9uwdb0f9bhoh1.png,6,Merry_Old_Santa_Claus_by_Thomas_Nast.jpg,0.6207,
43,9uwdb0f9bhoh1.png,7,Screenshot 2026-09-13 at 2.38.07 PM.png,0.615,
43,9uwdb0f9bhoh1.png,8,"71-DuJMBshL._AC_UF1000,1000_QL80_.jpg",0.614,
43,9uwdb0f9bhoh1.png,9,Screenshot 2026-07-30 at 11.26.00 PM.png,0.6136,
43,9uwdb0f9bhoh1.png,10,68382.jpeg,0.6132,
44,AP_080915020848.jpg,1,christopher-burns-pzMP-RGJ7mY-unsplash-scaled-1.jpg,0.7426,
44,AP_080915020848.jpg,2,4148.webp,0.7305,
44,AP_080915020848.jpg,3,BN-CU905_ObamaG_FR_20140515164201.jpg,0.7057,
44,AP_080915020848.jpg,4,timon-studler-ABGaVhJxwDQ-unsplash_b99ec30b-edbe-4152-9619-95beb998dd4a-prv.jpg,0.69,
44,AP_080915020848.jpg,5,happy-young-businessman-walking-outdoors_171337-19806.jpeg,0.6853,
44,AP_080915020848.jpg,6,photo-1506755594592-349d12a7c52a.jpeg,0.6824,
44,AP_080915020848.jpg,7,central-business-district.jpg,0.6798,
44,AP_080915020848.jpg,8,6th-street.jpg,0.6724,
44,AP_080915020848.jpg,9,1000_F_58368809_JLfp70GQjwUw6ACsVSUFtxAWwXrTFfaP.jpg,0.6711,
44,AP_080915020848.jpg,10,Large-crowd-of-people-014.jpg,0.6702,
45,A_careless_word...A_needless_loss_poster.jpg,1,best-movie-posters-of-all-time-v0-32lofmtktk6g1.jpeg,0.6432,
45,A_careless_word...A_needless_loss_poster.jpg,2,s-l1200-4.jpg,0.6269,
45,A_careless_word...A_needless_loss_poster.jpg,3,Little_Red_Riding_Hood_-_J._W._Smith.jpg,0.6241,
45,A_careless_word...A_needless_loss_poster.jpg,4,262788.jpg,0.6155,
45,A_careless_word...A_needless_loss_poster.jpg,5,900_Boy Scouts Jamboree.jpg,0.6151,
45,A_careless_word...A_needless_loss_poster.jpg,6,Screenshot 2026-09-13 at 2.42.13 PM.png,0.6104,
45,A_careless_word...A_needless_loss_poster.jpg,7,71AzwgLT2WL.jpg,0.6081,
45,A_careless_word...A_needless_loss_poster.jpg,8,Screenshot 2026-09-13 at 2.40.19 PM.png,0.5975,
45,A_careless_word...A_needless_loss_poster.jpg,9,NPG-78T0884A_1.jpg,0.5957,
45,A_careless_word...A_needless_loss_poster.jpg,10,il_fullxfull.2946516750_ao6g.jpeg,0.5946,
46,"Asso,_scritta_fascista.jpg",1,timon-studler-ABGaVhJxwDQ-unsplash_b99ec30b-edbe-4152-9619-95beb998dd4a-prv.jpg,0.4974,
46,"Asso,_scritta_fascista.jpg",2,christopher-burns-pzMP-RGJ7mY-unsplash-scaled-1.jpg,0.4877,
46,"Asso,_scritta_fascista.jpg",3,TAL-bernina-express-switzerland-PRETTSTEUROTRAIN0426-4e3d53753f7d4de5887ef1c0ab57f662.jpg,0.4849,
46,"Asso,_scritta_fascista.jpg",4,Le_Penseur_by_Rodin_(Kunsthalle_Bielefeld)_2014-04-10.JPG,0.4824,
46,"Asso,_scritta_fascista.jpg",5,Mauricio_Artieda____DZANPXEN8P.jpeg,0.4799,
46,"Asso,_scritta_fascista.jpg",6,photo-1506755594592-349d12a7c52a.jpeg,0.4767,
46,"Asso,_scritta_fascista.jpg",7,f7a8078786ddedc71d709c0c1076a8ed.jpg,0.4742,
46,"Asso,_scritta_fascista.jpg",8,23macfarquharWeb-superJumbo.jpg,0.4726,
46,"Asso,_scritta_fascista.jpg",9,db12166e-abdc-4a7c-b7c0-067d2ea2572a.jpeg,0.4725,
46,"Asso,_scritta_fascista.jpg",10,6th-street.jpg,0.4704,
47,BRM3885-America-Needs-McGovern-1972-2338x3000.jpg,1,los-angeles-california-nixon-press-conference-at-the-news-photo-1690823585.jpeg,0.5601,
47,BRM3885-America-Needs-McGovern-1972-2338x3000.jpg,2,Richard-M-Nixon-1969.jpeg,0.5475,
47,BRM3885-America-Needs-McGovern-1972-2338x3000.jpg,3,gettyimages-872442016.jpeg,0.54,
47,BRM3885-America-Needs-McGovern-1972-2338x3000.jpg,4,900_Boy Scouts Jamboree.jpg,0.5349,
47,BRM3885-America-Needs-McGovern-1972-2338x3000.jpg,5,Pres-Richard-Nixon-Deng-Xiaoping-Jimmy-Carter-Jan-29-1979.jpeg,0.5334,
47,BRM3885-America-Needs-McGovern-1972-2338x3000.jpg,6,Franklin-D-Roosevelt-1937.jpeg,0.53,
47,BRM3885-America-Needs-McGovern-1972-2338x3000.jpg,7,John-F-Kennedy.jpeg,0.5296,
47,BRM3885-America-Needs-McGovern-1972-2338x3000.jpg,8,il_fullxfull.2429447703_663m.jpg,0.5251,
47,BRM3885-America-Needs-McGovern-1972-2338x3000.jpg,9,"Lyndon_B._Johnson,_photo_portrait,_leaning_on_chair,_color_cropped.jpg",0.5095,
47,BRM3885-America-Needs-McGovern-1972-2338x3000.jpg,10,mao-zedong-jiang-jieshi-histoire.jpeg,0.5087,
48,Back'em_Up.jpg,1,900_Boy Scouts Jamboree.jpg,0.5903,
48,Back'em_Up.jpg,2,Registry-of-the-American-Soldier.png,0.5576,
48,Back'em_Up.jpg,3,"Raising_the_Flag_on_Iwo_Jima,_larger_-_edit1.jpg",0.5431,
48,Back'em_Up.jpg,4,MV5BNmEwM2EwMWMtZGYzYy00NTQzLWFkMzYtYjgyYTRmYzY1Zjg2XkEyXkFqcGc@._V1_.jpg,0.5391,
48,Back'em_Up.jpg,5,SamuraiArmor-Feat.jpg,0.5295,
48,Back'em_Up.jpg,6,Little_Red_Riding_Hood_-_J._W._Smith.jpg,0.5288,
48,Back'em_Up.jpg,7,Screenshot 2026-09-13 at 2.42.13 PM.png,0.5247,
48,Back'em_Up.jpg,8,images-1 copy 3.jpg,0.5234,
48,Back'em_Up.jpg,9,1000w_q95.jpeg,0.5222,
48,Back'em_Up.jpg,10,images copy.jpg,0.5193,
49,Be_sure_you_have_correct_time^_-_NARA_-_515050 copy.jpg,1,NPG-78T0884A_1.jpg,0.6667,
49,Be_sure_you_have_correct_time^_-_NARA_-_515050 copy.jpg,2,Stalin_in_July_1941-scaled.jpg,0.611,
49,Be_sure_you_have_correct_time^_-_NARA_-_515050 copy.jpg,3,Mao-Zedong-1965.jpeg,0.6102,
49,Be_sure_you_have_correct_time^_-_NARA_-_515050 copy.jpg,4,Screenshot 2026-09-13 at 2.38.07 PM.png,0.6084,
49,Be_sure_you_have_correct_time^_-_NARA_-_515050 copy.jpg,5,zunzun no.2  dia de las far castro.jpg,0.6062,
49,Be_sure_you_have_correct_time^_-_NARA_-_515050 copy.jpg,6,"Mao_Tsé-toung,_portrait_en_buste,_assis,_faisant_face_à_Nikita_Khrouchtchev,_pendant_la_visite_du_chef_russe_1958_à_Pékin_(Mao_Zedong).jpg",0.6035,
49,Be_sure_you_have_correct_time^_-_NARA_-_515050 copy.jpg,7,"71-DuJMBshL._AC_UF1000,1000_QL80_.jpg",0.6023,
49,Be_sure_you_have_correct_time^_-_NARA_-_515050 copy.jpg,8,GrIbt2WXgAArYDk.jpg,0.6018,
49,Be_sure_you_have_correct_time^_-_NARA_-_515050 copy.jpg,9,images copy.jpg,0.6005,
49,Be_sure_you_have_correct_time^_-_NARA_-_515050 copy.jpg,10,1967-10_1967年毛泽东与林彪.jpg,0.599,
50,Be_sure_you_have_correct_time^_-_NARA_-_515050.jpg,1,NPG-78T0884A_1.jpg,0.6667,
50,Be_sure_you_have_correct_time^_-_NARA_-_515050.jpg,2,Stalin_in_July_1941-scaled.jpg,0.611,
50,Be_sure_you_have_correct_time^_-_NARA_-_515050.jpg,3,Mao-Zedong-1965.jpeg,0.6102,
50,Be_sure_you_have_correct_time^_-_NARA_-_515050.jpg,4,Screenshot 2026-09-13 at 2.38.07 PM.png,0.6084,
50,Be_sure_you_have_correct_time^_-_NARA_-_515050.jpg,5,zunzun no.2  dia de las far castro.jpg,0.6062,
50,Be_sure_you_have_correct_time^_-_NARA_-_515050.jpg,6,"Mao_Tsé-toung,_portrait_en_buste,_assis,_faisant_face_à_Nikita_Khrouchtchev,_pendant_la_visite_du_chef_russe_1958_à_Pékin_(Mao_Zedong).jpg",0.6035,
50,Be_sure_you_have_correct_time^_-_NARA_-_515050.jpg,7,"71-DuJMBshL._AC_UF1000,1000_QL80_.jpg",0.6023,
50,Be_sure_you_have_correct_time^_-_NARA_-_515050.jpg,8,GrIbt2WXgAArYDk.jpg,0.6018,
50,Be_sure_you_have_correct_time^_-_NARA_-_515050.jpg,9,images copy.jpg,0.6005,
50,Be_sure_you_have_correct_time^_-_NARA_-_515050.jpg,10,1967-10_1967年毛泽东与林彪.jpg,0.599,
51,Black-Lives-Matter-protest-signs-Boston-Massachusetts-May-2020.jpeg,1,photo-1506755594592-349d12a7c52a.jpeg,0.7893,
51,Black-Lives-Matter-protest-signs-Boston-Massachusetts-May-2020.jpeg,2,Large-crowd-of-people-014.jpg,0.7643,
51,Black-Lives-Matter-protest-signs-Boston-Massachusetts-May-2020.jpeg,3,istockphoto-1364054930-612x612.jpg,0.7594,
51,Black-Lives-Matter-protest-signs-Boston-Massachusetts-May-2020.jpeg,4,timon-studler-ABGaVhJxwDQ-unsplash_b99ec30b-edbe-4152-9619-95beb998dd4a-prv.jpg,0.755,
51,Black-Lives-Matter-protest-signs-Boston-Massachusetts-May-2020.jpeg,5,images.jpg,0.7543,
51,Black-Lives-Matter-protest-signs-Boston-Massachusetts-May-2020.jpeg,6,crowd-people-walking-crowded-street-footage-098377624_iconl.jpeg,0.7541,
51,Black-Lives-Matter-protest-signs-Boston-Massachusetts-May-2020.jpeg,7,1000_F_58368809_JLfp70GQjwUw6ACsVSUFtxAWwXrTFfaP.jpg,0.7448,
51,Black-Lives-Matter-protest-signs-Boston-Massachusetts-May-2020.jpeg,8,Polyester-American-flag-closeup-angle_6647de24-6210-4bb8-a86f-2b0c5923c020.jpeg,0.7323,
51,Black-Lives-Matter-protest-signs-Boston-Massachusetts-May-2020.jpeg,9,6th-street.jpg,0.7245,
51,Black-Lives-Matter-protest-signs-Boston-Massachusetts-May-2020.jpeg,10,2023-09-30T051708Z_985728_RC2PI3A53UNF_RTRMADP_3_CHINA-ANNIVERSARY-2-1.webp,0.7239,
52,Bolsheviks_to_the_end.jpg,1,900_Boy Scouts Jamboree.jpg,0.7167,
52,Bolsheviks_to_the_end.jpg,2,Vladimir_Lenin.jpeg,0.6974,
52,Bolsheviks_to_the_end.jpg,3,"71-DuJMBshL._AC_UF1000,1000_QL80_.jpg",0.6958,
52,Bolsheviks_to_the_end.jpg,4,Stalin_in_July_1941-scaled.jpg,0.6938,
52,Bolsheviks_to_the_end.jpg,5,Joseph-Stalin-1950.jpeg,0.6908,
52,Bolsheviks_to_the_end.jpg,6,images-2 copy.jpg,0.6898,
52,Bolsheviks_to_the_end.jpg,7,best-movie-posters-of-all-time-v0-w3jkbptktk6g1.jpeg,0.6888,
52,Bolsheviks_to_the_end.jpg,8,images-3 copy.jpg,0.6804,
52,Bolsheviks_to_the_end.jpg,9,GrIbt2WXgAArYDk.jpg,0.6753,
52,Bolsheviks_to_the_end.jpg,10,NPG-78T0884A_1.jpg,0.6744,
53,"Bring_him_home_sooner..._Join_the_WAVES,_U.S._Navy_poster,_1944.jpg",1,900_Boy Scouts Jamboree.jpg,0.6582,
53,"Bring_him_home_sooner..._Join_the_WAVES,_U.S._Navy_poster,_1944.jpg",2,"Raising_the_Flag_on_Iwo_Jima,_larger_-_edit1.jpg",0.658,
53,"Bring_him_home_sooner..._Join_the_WAVES,_U.S._Navy_poster,_1944.jpg",3,Polyester-American-flag-closeup-angle_6647de24-6210-4bb8-a86f-2b0c5923c020.jpeg,0.6409,
53,"Bring_him_home_sooner..._Join_the_WAVES,_U.S._Navy_poster,_1944.jpg",4,Registry-of-the-American-Soldier.png,0.6371,
53,"Bring_him_home_sooner..._Join_the_WAVES,_U.S._Navy_poster,_1944.jpg",5,71AzwgLT2WL.jpg,0.6355,
53,"Bring_him_home_sooner..._Join_the_WAVES,_U.S._Navy_poster,_1944.jpg",6,John-F-Kennedy.jpeg,0.6243,
53,"Bring_him_home_sooner..._Join_the_WAVES,_U.S._Navy_poster,_1944.jpg",7,s-l1200-4.jpg,0.6231,
53,"Bring_him_home_sooner..._Join_the_WAVES,_U.S._Navy_poster,_1944.jpg",8,King_Kong_1933_Promotional_Image.png,0.6204,
53,"Bring_him_home_sooner..._Join_the_WAVES,_U.S._Navy_poster,_1944.jpg",9,Large-crowd-of-people-014.jpg,0.617,
53,"Bring_him_home_sooner..._Join_the_WAVES,_U.S._Navy_poster,_1944.jpg",10,900_Row-One-Brand_1964-coke-ad-remix-final-row-1.jpg,0.614,
54,Britain_Needs_You_at_Once_-_WWI_recruitment_poster_-_Parliamentary_Recruiting_Committee_Poster_No._108.jpg,1,900_Boy Scouts Jamboree.jpg,0.6624,
54,Britain_Needs_You_at_Once_-_WWI_recruitment_poster_-_Parliamentary_Recruiting_Committee_Poster_No._108.jpg,2,Little_Red_Riding_Hood_-_J._W._Smith.jpg,0.6438,
54,Britain_Needs_You_at_Once_-_WWI_recruitment_poster_-_Parliamentary_Recruiting_Committee_Poster_No._108.jpg,3,SamuraiArmor-Feat.jpg,0.6433,
54,Britain_Needs_You_at_Once_-_WWI_recruitment_poster_-_Parliamentary_Recruiting_Committee_Poster_No._108.jpg,4,il_fullxfull.2946516750_ao6g.jpeg,0.6205,
54,Britain_Needs_You_at_Once_-_WWI_recruitment_poster_-_Parliamentary_Recruiting_Committee_Poster_No._108.jpg,5,f7a8078786ddedc71d709c0c1076a8ed.jpg,0.6151,
54,Britain_Needs_You_at_Once_-_WWI_recruitment_poster_-_Parliamentary_Recruiting_Committee_Poster_No._108.jpg,6,s-l1200-2.jpg,0.6134,
54,Britain_Needs_You_at_Once_-_WWI_recruitment_poster_-_Parliamentary_Recruiting_Committee_Poster_No._108.jpg,7,Cross.jpeg,0.6066,
54,Britain_Needs_You_at_Once_-_WWI_recruitment_poster_-_Parliamentary_Recruiting_Committee_Poster_No._108.jpg,8,Le_Penseur_by_Rodin_(Kunsthalle_Bielefeld)_2014-04-10.JPG,0.6052,
54,Britain_Needs_You_at_Once_-_WWI_recruitment_poster_-_Parliamentary_Recruiting_Committee_Poster_No._108.jpg,9,900_Row-One-Brand_1964-coke-ad-remix-final-row-1.jpg,0.6049,
54,Britain_Needs_You_at_Once_-_WWI_recruitment_poster_-_Parliamentary_Recruiting_Committee_Poster_No._108.jpg,10,King_Kong_1933_Promotional_Image.png,0.6023,
55,Careless_talk_poster_-__Keep_mum_–_she's_not_so_dumb_.jpg,1,900_Row-One-Brand_1964-coke-ad-remix-final-row-1.jpg,0.6622,
55,Careless_talk_poster_-__Keep_mum_–_she's_not_so_dumb_.jpg,2,NPG-78T0884A_1.jpg,0.6574,
55,Careless_talk_poster_-__Keep_mum_–_she's_not_so_dumb_.jpg,3,900_Boy Scouts Jamboree.jpg,0.6523,
55,Careless_talk_poster_-__Keep_mum_–_she's_not_so_dumb_.jpg,4,1861-British-walking-and-sporting-costume.jpg,0.6276,
55,Careless_talk_poster_-__Keep_mum_–_she's_not_so_dumb_.jpg,5,Stalin_in_July_1941-scaled.jpg,0.6192,
55,Careless_talk_poster_-__Keep_mum_–_she's_not_so_dumb_.jpg,6,images-3 copy.jpg,0.6099,
55,Careless_talk_poster_-__Keep_mum_–_she's_not_so_dumb_.jpg,7,Joseph-Stalin-1950.jpeg,0.6089,
55,Careless_talk_poster_-__Keep_mum_–_she's_not_so_dumb_.jpg,8,vintage-female-mechanic-stockcake.jpg,0.6068,
55,Careless_talk_poster_-__Keep_mum_–_she's_not_so_dumb_.jpg,9,Little_Red_Riding_Hood_-_J._W._Smith.jpg,0.6061,
55,Careless_talk_poster_-__Keep_mum_–_she's_not_so_dumb_.jpg,10,"71-DuJMBshL._AC_UF1000,1000_QL80_.jpg",0.6036,
56,Coral_Sea_Japan_Times_cartoon.jpg,1,gettyimages-1061707698.jpeg,0.5499,
56,Coral_Sea_Japan_Times_cartoon.jpg,2,150826233935-ww2-china-8-exlarge-169-5355409.jpg,0.549,
56,Coral_Sea_Japan_Times_cartoon.jpg,3,Franklin-D-Roosevelt-1937.jpeg,0.5464,
56,Coral_Sea_Japan_Times_cartoon.jpg,4,Mark_I_series_tank.jpg,0.5455,
56,Coral_Sea_Japan_Times_cartoon.jpg,5,"Raising_the_Flag_on_Iwo_Jima,_larger_-_edit1.jpg",0.5409,
56,Coral_Sea_Japan_Times_cartoon.jpg,6,900_Boy Scouts Jamboree.jpg,0.5333,
56,Coral_Sea_Japan_Times_cartoon.jpg,7,mao-zedong-jiang-jieshi-histoire.jpeg,0.5242,
56,Coral_Sea_Japan_Times_cartoon.jpg,8,150826232822-ww2-china-4.jpg,0.5231,
56,Coral_Sea_Japan_Times_cartoon.jpg,9,1967-10_1967年毛泽东与林彪.jpg,0.518,
56,Coral_Sea_Japan_Times_cartoon.jpg,10,Stalin_in_July_1941-scaled.jpg,0.5162,
57,"Demilitarized_Zone,_North_Korea_(2914652546).jpg",1,npr.brightspotcdn copy.jpg,0.6823,
57,"Demilitarized_Zone,_North_Korea_(2914652546).jpg",2,rtr3xjay.jpg,0.6631,
57,"Demilitarized_Zone,_North_Korea_(2914652546).jpg",3,900_Row-One-Brand_1964-coke-ad-remix-final-row-1.jpg,0.628,
57,"Demilitarized_Zone,_North_Korea_(2914652546).jpg",4,Merry_Old_Santa_Claus_by_Thomas_Nast.jpg,0.6199,
57,"Demilitarized_Zone,_North_Korea_(2914652546).jpg",5,1967-10_1967年毛泽东与林彪.jpg,0.6171,
57,"Demilitarized_Zone,_North_Korea_(2914652546).jpg",6,23macfarquharWeb-superJumbo.jpg,0.6147,
57,"Demilitarized_Zone,_North_Korea_(2914652546).jpg",7,"Mao_Tsé-toung,_portrait_en_buste,_assis,_faisant_face_à_Nikita_Khrouchtchev,_pendant_la_visite_du_chef_russe_1958_à_Pékin_(Mao_Zedong).jpg",0.6121,
57,"Demilitarized_Zone,_North_Korea_(2914652546).jpg",8,images copy.jpg,0.6099,
57,"Demilitarized_Zone,_North_Korea_(2914652546).jpg",9,693.jpg,0.609,
57,"Demilitarized_Zone,_North_Korea_(2914652546).jpg",10,zunzun no.2  dia de las far castro.jpg,0.6082,
58,Deng-master.new_.original.jpg,1,560868.jpg,0.7222,
58,Deng-master.new_.original.jpg,2,mao-zedong-jiang-jieshi-histoire.jpeg,0.7203,
58,Deng-master.new_.original.jpg,3,Mao-Zedong.jpeg,0.7187,
58,Deng-master.new_.original.jpg,4,23macfarquharWeb-superJumbo.jpg,0.7178,
58,Deng-master.new_.original.jpg,5,1967-10_1967年毛泽东与林彪.jpg,0.7115,
58,Deng-master.new_.original.jpg,6,2023-09-30T051708Z_985728_RC2PI3A53UNF_RTRMADP_3_CHINA-ANNIVERSARY-2-1.webp,0.71,
58,Deng-master.new_.original.jpg,7,30d1a2aa-df8d-4714-ae6f-c557392ee966_9341936a.jpeg,0.7051,
58,Deng-master.new_.original.jpg,8,db69297e-f693-11e6-8a92-5a4126ffa8eb_1280x720.jpeg,0.7046,
58,Deng-master.new_.original.jpg,9,President-of-China-Xi-Jinping.jpeg,0.7026,
58,Deng-master.new_.original.jpg,10,China-Deng-Xiao-ping-005-1.jpg,0.7019,
59,Dyadya_lenin copy.jpg,1,Stalin_in_July_1941-scaled.jpg,0.712,
59,Dyadya_lenin copy.jpg,2,Vladimir_Lenin.jpeg,0.7111,
59,Dyadya_lenin copy.jpg,3,"71-DuJMBshL._AC_UF1000,1000_QL80_.jpg",0.7104,
59,Dyadya_lenin copy.jpg,4,Joseph-Stalin-1950.jpeg,0.7101,
59,Dyadya_lenin copy.jpg,5,images-2 copy.jpg,0.7072,
59,Dyadya_lenin copy.jpg,6,Screenshot 2026-09-13 at 2.38.07 PM.png,0.697,
59,Dyadya_lenin copy.jpg,7,images-3 copy.jpg,0.6965,
59,Dyadya_lenin copy.jpg,8,sized-170983061.jpeg,0.6883,
59,Dyadya_lenin copy.jpg,9,Screenshot 2026-09-13 at 2.42.13 PM.png,0.6781,
59,Dyadya_lenin copy.jpg,10,900_Boy Scouts Jamboree.jpg,0.6743,
60,Dyadya_lenin.jpg,1,Stalin_in_July_1941-scaled.jpg,0.712,
60,Dyadya_lenin.jpg,2,Vladimir_Lenin.jpeg,0.7111,
60,Dyadya_lenin.jpg,3,"71-DuJMBshL._AC_UF1000,1000_QL80_.jpg",0.7104,
60,Dyadya_lenin.jpg,4,Joseph-Stalin-1950.jpeg,0.7101,
60,Dyadya_lenin.jpg,5,images-2 copy.jpg,0.7072,
60,Dyadya_lenin.jpg,6,Screenshot 2026-09-13 at 2.38.07 PM.png,0.697,
60,Dyadya_lenin.jpg,7,images-3 copy.jpg,0.6965,
60,Dyadya_lenin.jpg,8,sized-170983061.jpeg,0.6883,
60,Dyadya_lenin.jpg,9,Screenshot 2026-09-13 at 2.42.13 PM.png,0.6781,
60,Dyadya_lenin.jpg,10,900_Boy Scouts Jamboree.jpg,0.6743,
61,FINAL©.VIVA-CHE1968x8.jpeg,1,Che_Guevara_-_Guerrillero_Heroico_by_Alberto_Korda.jpg,0.9267,
61,FINAL©.VIVA-CHE1968x8.jpeg,2,141013-che-guevara-716x1024.jpg,0.8869,
61,FINAL©.VIVA-CHE1968x8.jpeg,3,Stalin_in_July_1941-scaled.jpg,0.8154,
61,FINAL©.VIVA-CHE1968x8.jpeg,4,"71-DuJMBshL._AC_UF1000,1000_QL80_.jpg",0.8098,
61,FINAL©.VIVA-CHE1968x8.jpeg,5,ap_080916029731_35535176_ver1.0.jpeg,0.805,
61,FINAL©.VIVA-CHE1968x8.jpeg,6,MV5BNWU5ZTg3NDYtYzM1MC00YWMzLWEyYTktNGEyZTgyYjlmMDExXkEyXkFqcGc@._V1_.jpg,0.8002,
61,FINAL©.VIVA-CHE1968x8.jpeg,7,images-2 copy.jpg,0.7835,
61,FINAL©.VIVA-CHE1968x8.jpeg,8,Vladimir_Lenin.jpeg,0.7821,
61,FINAL©.VIVA-CHE1968x8.jpeg,9,Joseph-Stalin-1950.jpeg,0.7807,
61,FINAL©.VIVA-CHE1968x8.jpeg,10,sized-170983061.jpeg,0.776,
62,Fahey_DSCF2839_(6074653969).jpg,1,rtr3xjay.jpg,0.791,
62,Fahey_DSCF2839_(6074653969).jpg,2,npr.brightspotcdn copy.jpg,0.7629,
62,Fahey_DSCF2839_(6074653969).jpg,3,images copy.jpg,0.7086,
62,Fahey_DSCF2839_(6074653969).jpg,4,1000w_q95.jpeg,0.702,
62,Fahey_DSCF2839_(6074653969).jpg,5,2023-09-30T051708Z_985728_RC2PI3A53UNF_RTRMADP_3_CHINA-ANNIVERSARY-2-1.webp,0.7015,
62,Fahey_DSCF2839_(6074653969).jpg,6,23macfarquharWeb-superJumbo.jpg,0.6949,
62,Fahey_DSCF2839_(6074653969).jpg,7,GrIbt2WXgAArYDk.jpg,0.6858,
62,Fahey_DSCF2839_(6074653969).jpg,8,photo-1736813224503-2322128091cb.jpeg,0.6831,
62,Fahey_DSCF2839_(6074653969).jpg,9,images.jpg,0.6729,
62,Fahey_DSCF2839_(6074653969).jpg,10,693.jpg,0.6635,
63,Fire-Away-Buy-War-Bonds-Large-Poster.jpg,1,900_Boy Scouts Jamboree.jpg,0.6363,
63,Fire-Away-Buy-War-Bonds-Large-Poster.jpg,2,il_fullxfull.2946516750_ao6g.jpeg,0.6049,
63,Fire-Away-Buy-War-Bonds-Large-Poster.jpg,3,best-movie-posters-of-all-time-v0-jjxf6ntktk6g1.jpeg,0.5969,
63,Fire-Away-Buy-War-Bonds-Large-Poster.jpg,4,Polyester-American-flag-closeup-angle_6647de24-6210-4bb8-a86f-2b0c5923c020.jpeg,0.5947,
63,Fire-Away-Buy-War-Bonds-Large-Poster.jpg,5,best-movie-posters-of-all-time-v0-2gl1lntktk6g1.jpeg,0.592,
63,Fire-Away-Buy-War-Bonds-Large-Poster.jpg,6,best-movie-posters-of-all-time-v0-32lofmtktk6g1.jpeg,0.5908,
63,Fire-Away-Buy-War-Bonds-Large-Poster.jpg,7,Stalin_in_July_1941-scaled.jpg,0.5882,
63,Fire-Away-Buy-War-Bonds-Large-Poster.jpg,8,Little_Red_Riding_Hood_-_J._W._Smith.jpg,0.5866,
63,Fire-Away-Buy-War-Bonds-Large-Poster.jpg,9,home-fire.jpg,0.5863,
63,Fire-Away-Buy-War-Bonds-Large-Poster.jpg,10,images.jpg,0.5765,
64,FourFavorites1101.jpg,1,NPG-78T0884A_1.jpg,0.5886,
64,FourFavorites1101.jpg,2,Screenshot 2026-09-13 at 2.38.07 PM.png,0.5707,
64,FourFavorites1101.jpg,3,Screenshot 2026-09-13 at 2.42.13 PM.png,0.5656,
64,FourFavorites1101.jpg,4,Screenshot 2026-09-13 at 2.42.27 PM.png,0.5611,
64,FourFavorites1101.jpg,5,Stalin_in_July_1941-scaled.jpg,0.5479,
64,FourFavorites1101.jpg,6,900_Boy Scouts Jamboree.jpg,0.5455,
64,FourFavorites1101.jpg,7,sized-170983061.jpeg,0.5449,
64,FourFavorites1101.jpg,8,"71-DuJMBshL._AC_UF1000,1000_QL80_.jpg",0.5335,
64,FourFavorites1101.jpg,9,Screenshot 2026-09-13 at 2.44.13 PM.png,0.5307,
64,FourFavorites1101.jpg,10,images-3 copy.jpg,0.5305,
65,"Fritz_Erler_-_Schlechte_Bilanz,_1914.png",1,NPG-78T0884A_1.jpg,0.6106,
65,"Fritz_Erler_-_Schlechte_Bilanz,_1914.png",2,Mark_I_series_tank.jpg,0.5999,
65,"Fritz_Erler_-_Schlechte_Bilanz,_1914.png",3,1861-British-walking-and-sporting-costume.jpg,0.5925,
65,"Fritz_Erler_-_Schlechte_Bilanz,_1914.png",4,"71-DuJMBshL._AC_UF1000,1000_QL80_.jpg",0.5727,
65,"Fritz_Erler_-_Schlechte_Bilanz,_1914.png",5,SamuraiArmor-Feat.jpg,0.5688,
65,"Fritz_Erler_-_Schlechte_Bilanz,_1914.png",6,Screenshot 2026-09-13 at 2.42.27 PM.png,0.5677,
65,"Fritz_Erler_-_Schlechte_Bilanz,_1914.png",7,43452_George-V.jpeg,0.5675,
65,"Fritz_Erler_-_Schlechte_Bilanz,_1914.png",8,images-3 copy.jpg,0.5672,
65,"Fritz_Erler_-_Schlechte_Bilanz,_1914.png",9,zunzun no.2  dia de las far castro.jpg,0.567,
65,"Fritz_Erler_-_Schlechte_Bilanz,_1914.png",10,Joseph-Stalin-1950.jpeg,0.5657,
66,G3CNAP-smaller.jpg,1,"Mao_Tsé-toung,_portrait_en_buste,_assis,_faisant_face_à_Nikita_Khrouchtchev,_pendant_la_visite_du_chef_russe_1958_à_Pékin_(Mao_Zedong).jpg",0.8189,
66,G3CNAP-smaller.jpg,2,Mao-Zedong-1965.jpeg,0.8124,
66,G3CNAP-smaller.jpg,3,Stalin_in_July_1941-scaled.jpg,0.812,
66,G3CNAP-smaller.jpg,4,693.jpg,0.8099,
66,G3CNAP-smaller.jpg,5,China-Deng-Xiao-ping-005-1.jpg,0.7959,
66,G3CNAP-smaller.jpg,6,Mao-Zedong.jpeg,0.7948,
66,G3CNAP-smaller.jpg,7,Joseph-Stalin-1950.jpeg,0.7946,
66,G3CNAP-smaller.jpg,8,1967-10_1967年毛泽东与林彪.jpg,0.792,
66,G3CNAP-smaller.jpg,9,23macfarquharWeb-superJumbo.jpg,0.7914,
66,G3CNAP-smaller.jpg,10,MV5BNWU5ZTg3NDYtYzM1MC00YWMzLWEyYTktNGEyZTgyYjlmMDExXkEyXkFqcGc@._V1_.jpg,0.7874,
67,Gelya_Markizova.jpg,1,Stalin_in_July_1941-scaled.jpg,0.7763,
67,Gelya_Markizova.jpg,2,sized-170983061.jpeg,0.7722,
67,Gelya_Markizova.jpg,3,images-3 copy.jpg,0.7662,
67,Gelya_Markizova.jpg,4,Joseph-Stalin-1950.jpeg,0.7661,
67,Gelya_Markizova.jpg,5,Vladimir_Lenin.jpeg,0.7567,
67,Gelya_Markizova.jpg,6,"71-DuJMBshL._AC_UF1000,1000_QL80_.jpg",0.7306,
67,Gelya_Markizova.jpg,7,images-2 copy.jpg,0.7177,
67,Gelya_Markizova.jpg,8,"Mao_Tsé-toung,_portrait_en_buste,_assis,_faisant_face_à_Nikita_Khrouchtchev,_pendant_la_visite_du_chef_russe_1958_à_Pékin_(Mao_Zedong).jpg",0.7139,
67,Gelya_Markizova.jpg,9,mao_great_leap_forward_history_today_0.jpeg,0.6939,
67,Gelya_Markizova.jpg,10,Stalin-rare-photo.jpg,0.6855,
68,German_antisemitic_and_anti-Soviet_poster.jpg,1,Screenshot 2026-07-30 at 11.26.00 PM.png,0.6911,
68,German_antisemitic_and_anti-Soviet_poster.jpg,2,Stalin_in_July_1941-scaled.jpg,0.6607,
68,German_antisemitic_and_anti-Soviet_poster.jpg,3,images-3 copy.jpg,0.6507,
68,German_antisemitic_and_anti-Soviet_poster.jpg,4,900_Boy Scouts Jamboree.jpg,0.6397,
68,German_antisemitic_and_anti-Soviet_poster.jpg,5,Joseph-Stalin-1950.jpeg,0.6394,
68,German_antisemitic_and_anti-Soviet_poster.jpg,6,GrIbt2WXgAArYDk.jpg,0.6355,
68,German_antisemitic_and_anti-Soviet_poster.jpg,7,"71-DuJMBshL._AC_UF1000,1000_QL80_.jpg",0.6311,
68,German_antisemitic_and_anti-Soviet_poster.jpg,8,Vladimir_Lenin.jpeg,0.6256,
68,German_antisemitic_and_anti-Soviet_poster.jpg,9,sized-170983061.jpeg,0.6222,
68,German_antisemitic_and_anti-Soviet_poster.jpg,10,images-2 copy.jpg,0.6199,
69,GettyImages-52778857-712x1024.jpg,1,Stalin_in_July_1941-scaled.jpg,0.7755,
69,GettyImages-52778857-712x1024.jpg,2,"71-DuJMBshL._AC_UF1000,1000_QL80_.jpg",0.7677,
69,GettyImages-52778857-712x1024.jpg,3,images-2 copy.jpg,0.7571,
69,GettyImages-52778857-712x1024.jpg,4,Joseph-Stalin-1950.jpeg,0.7545,
69,GettyImages-52778857-712x1024.jpg,5,images-3 copy.jpg,0.7503,
69,GettyImages-52778857-712x1024.jpg,6,Vladimir_Lenin.jpeg,0.746,
69,GettyImages-52778857-712x1024.jpg,7,sized-170983061.jpeg,0.7419,
69,GettyImages-52778857-712x1024.jpg,8,900_Boy Scouts Jamboree.jpg,0.7324,
69,GettyImages-52778857-712x1024.jpg,9,Che_Guevara_-_Guerrillero_Heroico_by_Alberto_Korda.jpg,0.7246,
69,GettyImages-52778857-712x1024.jpg,10,Screenshot 2026-07-30 at 11.26.00 PM.png,0.7231,
70,GettyImages-541320861-1024x683.jpg,1,Stalin_in_July_1941-scaled.jpg,0.8097,
70,GettyImages-541320861-1024x683.jpg,2,"71-DuJMBshL._AC_UF1000,1000_QL80_.jpg",0.7944,
70,GettyImages-541320861-1024x683.jpg,3,sized-170983061.jpeg,0.7906,
70,GettyImages-541320861-1024x683.jpg,4,images-3 copy.jpg,0.7881,
70,GettyImages-541320861-1024x683.jpg,5,images-2 copy.jpg,0.7841,
70,GettyImages-541320861-1024x683.jpg,6,Vladimir_Lenin.jpeg,0.7649,
70,GettyImages-541320861-1024x683.jpg,7,Joseph-Stalin-1950.jpeg,0.76,
70,GettyImages-541320861-1024x683.jpg,8,Vladimir_Lenin_a_colori_(cropped).jpg,0.7507,
70,GettyImages-541320861-1024x683.jpg,9,Che_Guevara_-_Guerrillero_Heroico_by_Alberto_Korda.jpg,0.7356,
70,GettyImages-541320861-1024x683.jpg,10,"Mao_Tsé-toung,_portrait_en_buste,_assis,_faisant_face_à_Nikita_Khrouchtchev,_pendant_la_visite_du_chef_russe_1958_à_Pékin_(Mao_Zedong).jpg",0.7233,
71,Gino_Boccasile_(1901-52)_Su_loro_ricade_la_colpa!_On_them_rests_the_blame!_WWII_Italian_Fascist_Anti-British-American-Allied_propaganda_poster_Churchill_Roosevelt_pistols_ruins_pirate_flag._Rubenstein_Rare_Book_&_Manuscript_Library_No_k.jpg,1,NPG-78T0884A_1.jpg,0.7236,
71,Gino_Boccasile_(1901-52)_Su_loro_ricade_la_colpa!_On_them_rests_the_blame!_WWII_Italian_Fascist_Anti-British-American-Allied_propaganda_poster_Churchill_Roosevelt_pistols_ruins_pirate_flag._Rubenstein_Rare_Book_&_Manuscript_Library_No_k.jpg,2,Stalin_in_July_1941-scaled.jpg,0.6708,
71,Gino_Boccasile_(1901-52)_Su_loro_ricade_la_colpa!_On_them_rests_the_blame!_WWII_Italian_Fascist_Anti-British-American-Allied_propaganda_poster_Churchill_Roosevelt_pistols_ruins_pirate_flag._Rubenstein_Rare_Book_&_Manuscript_Library_No_k.jpg,3,images-3 copy.jpg,0.6663,
71,Gino_Boccasile_(1901-52)_Su_loro_ricade_la_colpa!_On_them_rests_the_blame!_WWII_Italian_Fascist_Anti-British-American-Allied_propaganda_poster_Churchill_Roosevelt_pistols_ruins_pirate_flag._Rubenstein_Rare_Book_&_Manuscript_Library_No_k.jpg,4,"71-DuJMBshL._AC_UF1000,1000_QL80_.jpg",0.6642,
71,Gino_Boccasile_(1901-52)_Su_loro_ricade_la_colpa!_On_them_rests_the_blame!_WWII_Italian_Fascist_Anti-British-American-Allied_propaganda_poster_Churchill_Roosevelt_pistols_ruins_pirate_flag._Rubenstein_Rare_Book_&_Manuscript_Library_No_k.jpg,5,Joseph-Stalin-1950.jpeg,0.6635,
71,Gino_Boccasile_(1901-52)_Su_loro_ricade_la_colpa!_On_them_rests_the_blame!_WWII_Italian_Fascist_Anti-British-American-Allied_propaganda_poster_Churchill_Roosevelt_pistols_ruins_pirate_flag._Rubenstein_Rare_Book_&_Manuscript_Library_No_k.jpg,6,900_Boy Scouts Jamboree.jpg,0.6576,
71,Gino_Boccasile_(1901-52)_Su_loro_ricade_la_colpa!_On_them_rests_the_blame!_WWII_Italian_Fascist_Anti-British-American-Allied_propaganda_poster_Churchill_Roosevelt_pistols_ruins_pirate_flag._Rubenstein_Rare_Book_&_Manuscript_Library_No_k.jpg,7,"Raising_the_Flag_on_Iwo_Jima,_larger_-_edit1.jpg",0.6452,
71,Gino_Boccasile_(1901-52)_Su_loro_ricade_la_colpa!_On_them_rests_the_blame!_WWII_Italian_Fascist_Anti-British-American-Allied_propaganda_poster_Churchill_Roosevelt_pistols_ruins_pirate_flag._Rubenstein_Rare_Book_&_Manuscript_Library_No_k.jpg,8,images-2 copy.jpg,0.6443,
71,Gino_Boccasile_(1901-52)_Su_loro_ricade_la_colpa!_On_them_rests_the_blame!_WWII_Italian_Fascist_Anti-British-American-Allied_propaganda_poster_Churchill_Roosevelt_pistols_ruins_pirate_flag._Rubenstein_Rare_Book_&_Manuscript_Library_No_k.jpg,9,Franklin-D-Roosevelt-1937.jpeg,0.6418,
71,Gino_Boccasile_(1901-52)_Su_loro_ricade_la_colpa!_On_them_rests_the_blame!_WWII_Italian_Fascist_Anti-British-American-Allied_propaganda_poster_Churchill_Roosevelt_pistols_ruins_pirate_flag._Rubenstein_Rare_Book_&_Manuscript_Library_No_k.jpg,10,sized-170983061.jpeg,0.6345,
72,Grow_Your_Own_Food_Art.IWMPST2893.jpg,1,best-movie-posters-of-all-time-v0-w3jkbptktk6g1.jpeg,0.6001,
72,Grow_Your_Own_Food_Art.IWMPST2893.jpg,2,NPG-78T0884A_1.jpg,0.5724,
72,Grow_Your_Own_Food_Art.IWMPST2893.jpg,3,"71-DuJMBshL._AC_UF1000,1000_QL80_.jpg",0.5719,
72,Grow_Your_Own_Food_Art.IWMPST2893.jpg,4,Stalin_in_July_1941-scaled.jpg,0.5614,
72,Grow_Your_Own_Food_Art.IWMPST2893.jpg,5,sized-170983061.jpeg,0.5595,
72,Grow_Your_Own_Food_Art.IWMPST2893.jpg,6,"Worker and supervisor at a car factory, Moscow, 1954.jpg",0.5565,
72,Grow_Your_Own_Food_Art.IWMPST2893.jpg,7,il_fullxfull.2946516750_ao6g.jpeg,0.5548,
72,Grow_Your_Own_Food_Art.IWMPST2893.jpg,8,best-movie-posters-of-all-time-v0-jjxf6ntktk6g1.jpeg,0.5515,
72,Grow_Your_Own_Food_Art.IWMPST2893.jpg,9,images-2 copy.jpg,0.5497,
72,Grow_Your_Own_Food_Art.IWMPST2893.jpg,10,youre-right-in-liking-meat-american-magazine-ad-by-the-v0-59n9iwq4jooa1.jpeg,0.5491,
73,HOBacJ4XUAA8CWf.jpg,1,995ebf43-af7b-45bd-bd85-4be6d46ad7ee_27c1ea8e.jpeg,0.636,
73,HOBacJ4XUAA8CWf.jpg,2,President-of-China-Xi-Jinping.jpeg,0.5887,
73,HOBacJ4XUAA8CWf.jpg,3,_126347570_gettyimages-1238182438.jpg,0.5818,
73,HOBacJ4XUAA8CWf.jpg,4,2023-09-30T051708Z_985728_RC2PI3A53UNF_RTRMADP_3_CHINA-ANNIVERSARY-2-1.webp,0.5684,
73,HOBacJ4XUAA8CWf.jpg,5,104009758-Elon_Musk.jpg,0.5576,
73,HOBacJ4XUAA8CWf.jpg,6,Googles-AI-Taking-Control-of-Humanoids-On-Auto-Factory-Floor-Business-YT-Pre-Launch-Thumbnail.jpeg,0.5499,
73,HOBacJ4XUAA8CWf.jpg,7,mao_great_leap_forward_history_today_0.jpeg,0.5487,
73,HOBacJ4XUAA8CWf.jpg,8,Mao-Zedong-1965.jpeg,0.54,
73,HOBacJ4XUAA8CWf.jpg,9,560868.jpg,0.5372,
73,HOBacJ4XUAA8CWf.jpg,10,npr.brightspotcdn copy.jpg,0.5329,
74,"Halt_the_Hun!_Buy_U.S._government_bonds,_third_liberty_loan_(12307882665).jpg",1,900_Boy Scouts Jamboree.jpg,0.6755,
74,"Halt_the_Hun!_Buy_U.S._government_bonds,_third_liberty_loan_(12307882665).jpg",2,NPG-78T0884A_1.jpg,0.6538,
74,"Halt_the_Hun!_Buy_U.S._government_bonds,_third_liberty_loan_(12307882665).jpg",3,"Raising_the_Flag_on_Iwo_Jima,_larger_-_edit1.jpg",0.6321,
74,"Halt_the_Hun!_Buy_U.S._government_bonds,_third_liberty_loan_(12307882665).jpg",4,Registry-of-the-American-Soldier.png,0.6228,
74,"Halt_the_Hun!_Buy_U.S._government_bonds,_third_liberty_loan_(12307882665).jpg",5,"71-DuJMBshL._AC_UF1000,1000_QL80_.jpg",0.6213,
74,"Halt_the_Hun!_Buy_U.S._government_bonds,_third_liberty_loan_(12307882665).jpg",6,Stalin_in_July_1941-scaled.jpg,0.6198,
74,"Halt_the_Hun!_Buy_U.S._government_bonds,_third_liberty_loan_(12307882665).jpg",7,Polyester-American-flag-closeup-angle_6647de24-6210-4bb8-a86f-2b0c5923c020.jpeg,0.6198,
74,"Halt_the_Hun!_Buy_U.S._government_bonds,_third_liberty_loan_(12307882665).jpg",8,images-3 copy.jpg,0.6184,
74,"Halt_the_Hun!_Buy_U.S._government_bonds,_third_liberty_loan_(12307882665).jpg",9,best-movie-posters-of-all-time-v0-w3jkbptktk6g1.jpeg,0.6156,
74,"Halt_the_Hun!_Buy_U.S._government_bonds,_third_liberty_loan_(12307882665).jpg",10,GrIbt2WXgAArYDk.jpg,0.6155,
75,"Harry_R._Hopps,_Destroy_this_mad_brute_Enlist_-_U.S._Army,_03216u_edit.jpg",1,King_Kong_1933_Promotional_Image.png,0.6978,
75,"Harry_R._Hopps,_Destroy_this_mad_brute_Enlist_-_U.S._Army,_03216u_edit.jpg",2,900_Boy Scouts Jamboree.jpg,0.6621,
75,"Harry_R._Hopps,_Destroy_this_mad_brute_Enlist_-_U.S._Army,_03216u_edit.jpg",3,Little_Red_Riding_Hood_-_J._W._Smith.jpg,0.6335,
75,"Harry_R._Hopps,_Destroy_this_mad_brute_Enlist_-_U.S._Army,_03216u_edit.jpg",4,900_Row-One-Brand_1964-coke-ad-remix-final-row-1.jpg,0.6159,
75,"Harry_R._Hopps,_Destroy_this_mad_brute_Enlist_-_U.S._Army,_03216u_edit.jpg",5,NPG-78T0884A_1.jpg,0.6148,
75,"Harry_R._Hopps,_Destroy_this_mad_brute_Enlist_-_U.S._Army,_03216u_edit.jpg",6,images-3 copy.jpg,0.6041,
75,"Harry_R._Hopps,_Destroy_this_mad_brute_Enlist_-_U.S._Army,_03216u_edit.jpg",7,Screenshot 2026-09-13 at 2.38.07 PM.png,0.5998,
75,"Harry_R._Hopps,_Destroy_this_mad_brute_Enlist_-_U.S._Army,_03216u_edit.jpg",8,Stalin_in_July_1941-scaled.jpg,0.5995,
75,"Harry_R._Hopps,_Destroy_this_mad_brute_Enlist_-_U.S._Army,_03216u_edit.jpg",9,262788.jpg,0.5992,
75,"Harry_R._Hopps,_Destroy_this_mad_brute_Enlist_-_U.S._Army,_03216u_edit.jpg",10,William-Adolphe_Bouguereau_(1825-1905)_-_Dante_And_Virgil_In_Hell_(1850).jpg,0.5991,
76,He_Can't_Lay_Off_-_NARA_-_534690.jpg,1,"Raising_the_Flag_on_Iwo_Jima,_larger_-_edit1.jpg",0.7562,
76,He_Can't_Lay_Off_-_NARA_-_534690.jpg,2,900_Boy Scouts Jamboree.jpg,0.7399,
76,He_Can't_Lay_Off_-_NARA_-_534690.jpg,3,il_fullxfull.2946516750_ao6g.jpeg,0.714,
76,He_Can't_Lay_Off_-_NARA_-_534690.jpg,4,Stalin_in_July_1941-scaled.jpg,0.7102,
76,He_Can't_Lay_Off_-_NARA_-_534690.jpg,5,Registry-of-the-American-Soldier.png,0.7073,
76,He_Can't_Lay_Off_-_NARA_-_534690.jpg,6,King_Kong_1933_Promotional_Image.png,0.6944,
76,He_Can't_Lay_Off_-_NARA_-_534690.jpg,7,images-3 copy.jpg,0.6894,
76,He_Can't_Lay_Off_-_NARA_-_534690.jpg,8,images copy.jpg,0.6869,
76,He_Can't_Lay_Off_-_NARA_-_534690.jpg,9,Polyester-American-flag-closeup-angle_6647de24-6210-4bb8-a86f-2b0c5923c020.jpeg,0.6862,
76,He_Can't_Lay_Off_-_NARA_-_534690.jpg,10,"71-DuJMBshL._AC_UF1000,1000_QL80_.jpg",0.6841,
77,I0016395.jpg,1,900_Boy Scouts Jamboree.jpg,0.6971,
77,I0016395.jpg,2,Mark_I_series_tank.jpg,0.6629,
77,I0016395.jpg,3,2827r.jpg,0.6543,
77,I0016395.jpg,4,"Raising_the_Flag_on_Iwo_Jima,_larger_-_edit1.jpg",0.6527,
77,I0016395.jpg,5,GrIbt2WXgAArYDk.jpg,0.6516,
77,I0016395.jpg,6,1000w_q95.jpeg,0.6447,
77,I0016395.jpg,7,Stalin_in_July_1941-scaled.jpg,0.6444,
77,I0016395.jpg,8,Registry-of-the-American-Soldier.png,0.644,
77,I0016395.jpg,9,Joseph-Stalin-1950.jpeg,0.6429,
77,I0016395.jpg,10,images-2 copy.jpg,0.6408,
78,INF3-238_Anti-rumour_and_careless_talk_Mr._Hitler_wants_to_know.jpg,1,NPG-78T0884A_1.jpg,0.7336,
78,INF3-238_Anti-rumour_and_careless_talk_Mr._Hitler_wants_to_know.jpg,2,Stalin_in_July_1941-scaled.jpg,0.6904,
78,INF3-238_Anti-rumour_and_careless_talk_Mr._Hitler_wants_to_know.jpg,3,s-l1200-4.jpg,0.676,
78,INF3-238_Anti-rumour_and_careless_talk_Mr._Hitler_wants_to_know.jpg,4,images-3 copy.jpg,0.6726,
78,INF3-238_Anti-rumour_and_careless_talk_Mr._Hitler_wants_to_know.jpg,5,sized-170983061.jpeg,0.6699,
78,INF3-238_Anti-rumour_and_careless_talk_Mr._Hitler_wants_to_know.jpg,6,"71-DuJMBshL._AC_UF1000,1000_QL80_.jpg",0.6697,
78,INF3-238_Anti-rumour_and_careless_talk_Mr._Hitler_wants_to_know.jpg,7,Joseph-Stalin-1950.jpeg,0.664,
78,INF3-238_Anti-rumour_and_careless_talk_Mr._Hitler_wants_to_know.jpg,8,Screenshot 2026-09-13 at 2.38.07 PM.png,0.6604,
78,INF3-238_Anti-rumour_and_careless_talk_Mr._Hitler_wants_to_know.jpg,9,900_Boy Scouts Jamboree.jpg,0.6466,
78,INF3-238_Anti-rumour_and_careless_talk_Mr._Hitler_wants_to_know.jpg,10,Screenshot 2026-09-13 at 2.42.13 PM.png,0.638,
79,INF3-327_Unity_of_Strength_British_and_Russian_servicemen_over_body_of_swastikaed_dragon.jpg,1,NPG-78T0884A_1.jpg,0.6705,
79,INF3-327_Unity_of_Strength_British_and_Russian_servicemen_over_body_of_swastikaed_dragon.jpg,2,900_Boy Scouts Jamboree.jpg,0.6673,
79,INF3-327_Unity_of_Strength_British_and_Russian_servicemen_over_body_of_swastikaed_dragon.jpg,3,Stalin_in_July_1941-scaled.jpg,0.6616,
79,INF3-327_Unity_of_Strength_British_and_Russian_servicemen_over_body_of_swastikaed_dragon.jpg,4,1000w_q95.jpeg,0.6454,
79,INF3-327_Unity_of_Strength_British_and_Russian_servicemen_over_body_of_swastikaed_dragon.jpg,5,GrIbt2WXgAArYDk.jpg,0.6432,
79,INF3-327_Unity_of_Strength_British_and_Russian_servicemen_over_body_of_swastikaed_dragon.jpg,6,"71-DuJMBshL._AC_UF1000,1000_QL80_.jpg",0.6374,
79,INF3-327_Unity_of_Strength_British_and_Russian_servicemen_over_body_of_swastikaed_dragon.jpg,7,Joseph-Stalin-1950.jpeg,0.6258,
79,INF3-327_Unity_of_Strength_British_and_Russian_servicemen_over_body_of_swastikaed_dragon.jpg,8,images-3 copy.jpg,0.6241,
79,INF3-327_Unity_of_Strength_British_and_Russian_servicemen_over_body_of_swastikaed_dragon.jpg,9,sized-170983061.jpeg,0.6215,
79,INF3-327_Unity_of_Strength_British_and_Russian_servicemen_over_body_of_swastikaed_dragon.jpg,10,150826233935-ww2-china-8-exlarge-169-5355409.jpg,0.6193,
80,INF3-335_Unity_of_Strength_Together_we_shall_strangle_Hitlerism.jpg,1,NPG-78T0884A_1.jpg,0.6581,
80,INF3-335_Unity_of_Strength_Together_we_shall_strangle_Hitlerism.jpg,2,Stalin_in_July_1941-scaled.jpg,0.636,
80,INF3-335_Unity_of_Strength_Together_we_shall_strangle_Hitlerism.jpg,3,images-3 copy.jpg,0.6256,
80,INF3-335_Unity_of_Strength_Together_we_shall_strangle_Hitlerism.jpg,4,sized-170983061.jpeg,0.6186,
80,INF3-335_Unity_of_Strength_Together_we_shall_strangle_Hitlerism.jpg,5,900_Boy Scouts Jamboree.jpg,0.6119,
80,INF3-335_Unity_of_Strength_Together_we_shall_strangle_Hitlerism.jpg,6,"71-DuJMBshL._AC_UF1000,1000_QL80_.jpg",0.6105,
80,INF3-335_Unity_of_Strength_Together_we_shall_strangle_Hitlerism.jpg,7,Joseph-Stalin-1950.jpeg,0.5978,
80,INF3-335_Unity_of_Strength_Together_we_shall_strangle_Hitlerism.jpg,8,images-2 copy.jpg,0.5974,
80,INF3-335_Unity_of_Strength_Together_we_shall_strangle_Hitlerism.jpg,9,Vladimir_Lenin_a_colori_(cropped).jpg,0.5952,
80,INF3-335_Unity_of_Strength_Together_we_shall_strangle_Hitlerism.jpg,10,Mao-Zedong-1965.jpeg,0.586,
81,"J._M._Flagg,_I_Want_You_for_U.S._Army_poster_(1917).jpg",1,900_Boy Scouts Jamboree.jpg,0.7645,
81,"J._M._Flagg,_I_Want_You_for_U.S._Army_poster_(1917).jpg",2,Polyester-American-flag-closeup-angle_6647de24-6210-4bb8-a86f-2b0c5923c020.jpeg,0.7548,
81,"J._M._Flagg,_I_Want_You_for_U.S._Army_poster_(1917).jpg",3,President_Barack_Obama.jpg,0.708,
81,"J._M._Flagg,_I_Want_You_for_U.S._Army_poster_(1917).jpg",4,Registry-of-the-American-Soldier.png,0.7065,
81,"J._M._Flagg,_I_Want_You_for_U.S._Army_poster_(1917).jpg",5,Stalin_in_July_1941-scaled.jpg,0.7065,
81,"J._M._Flagg,_I_Want_You_for_U.S._Army_poster_(1917).jpg",6,7492.png,0.6991,
81,"J._M._Flagg,_I_Want_You_for_U.S._Army_poster_(1917).jpg",7,"Raising_the_Flag_on_Iwo_Jima,_larger_-_edit1.jpg",0.6975,
81,"J._M._Flagg,_I_Want_You_for_U.S._Army_poster_(1917).jpg",8,Joseph-Stalin-1950.jpeg,0.6938,
81,"J._M._Flagg,_I_Want_You_for_U.S._Army_poster_(1917).jpg",9,images-3 copy.jpg,0.6912,
81,"J._M._Flagg,_I_Want_You_for_U.S._Army_poster_(1917).jpg",10,Large-crowd-of-people-014.jpg,0.6896,
82,Japanese_propaganda_leaflet_India copy.jpg,1,zunzun no.2  dia de las far castro.jpg,0.6019,
82,Japanese_propaganda_leaflet_India copy.jpg,2,55f161bf-165a-4aa8-b22c-c66a3f9452b8_cx0_cy11_cw0_w1080_h608.jpeg,0.5877,
82,Japanese_propaganda_leaflet_India copy.jpg,3,693.jpg,0.5802,
82,Japanese_propaganda_leaflet_India copy.jpg,4,GrIbt2WXgAArYDk.jpg,0.5801,
82,Japanese_propaganda_leaflet_India copy.jpg,5,Screenshot 2026-09-13 at 2.42.39 PM.png,0.5774,
82,Japanese_propaganda_leaflet_India copy.jpg,6,Screenshot 2026-09-13 at 2.44.25 PM.png,0.5747,
82,Japanese_propaganda_leaflet_India copy.jpg,7,1967-10_1967年毛泽东与林彪.jpg,0.5709,
82,Japanese_propaganda_leaflet_India copy.jpg,8,900_Boy Scouts Jamboree.jpg,0.5688,
82,Japanese_propaganda_leaflet_India copy.jpg,9,2023-09-30T051708Z_985728_RC2PI3A53UNF_RTRMADP_3_CHINA-ANNIVERSARY-2-1.webp,0.5669,
82,Japanese_propaganda_leaflet_India copy.jpg,10,Screenshot 2026-09-13 at 2.38.07 PM.png,0.5668,
83,Japanese_propaganda_leaflet_India.jpg,1,zunzun no.2  dia de las far castro.jpg,0.6019,
83,Japanese_propaganda_leaflet_India.jpg,2,55f161bf-165a-4aa8-b22c-c66a3f9452b8_cx0_cy11_cw0_w1080_h608.jpeg,0.5877,
83,Japanese_propaganda_leaflet_India.jpg,3,693.jpg,0.5802,
83,Japanese_propaganda_leaflet_India.jpg,4,GrIbt2WXgAArYDk.jpg,0.5801,
83,Japanese_propaganda_leaflet_India.jpg,5,Screenshot 2026-09-13 at 2.42.39 PM.png,0.5774,
83,Japanese_propaganda_leaflet_India.jpg,6,Screenshot 2026-09-13 at 2.44.25 PM.png,0.5747,
83,Japanese_propaganda_leaflet_India.jpg,7,1967-10_1967年毛泽东与林彪.jpg,0.5709,
83,Japanese_propaganda_leaflet_India.jpg,8,900_Boy Scouts Jamboree.jpg,0.5688,
83,Japanese_propaganda_leaflet_India.jpg,9,2023-09-30T051708Z_985728_RC2PI3A53UNF_RTRMADP_3_CHINA-ANNIVERSARY-2-1.webp,0.5669,
83,Japanese_propaganda_leaflet_India.jpg,10,Screenshot 2026-09-13 at 2.38.07 PM.png,0.5668,
84,Je-Suis-Charlie-1024x642.jpg,1,2827r.jpg,0.693,
84,Je-Suis-Charlie-1024x642.jpg,2,000_328D73Q.jpg,0.651,
84,Je-Suis-Charlie-1024x642.jpg,3,Polyester-American-flag-closeup-angle_6647de24-6210-4bb8-a86f-2b0c5923c020.jpeg,0.6276,
84,Je-Suis-Charlie-1024x642.jpg,4,Screenshot 2026-09-13 at 2.45.07 PM.png,0.6269,
84,Je-Suis-Charlie-1024x642.jpg,5,Che_Guevara_-_Guerrillero_Heroico_by_Alberto_Korda.jpg,0.6257,
84,Je-Suis-Charlie-1024x642.jpg,6,BN-CU905_ObamaG_FR_20140515164201.jpg,0.6244,
84,Je-Suis-Charlie-1024x642.jpg,7,Cross.jpeg,0.6182,
84,Je-Suis-Charlie-1024x642.jpg,8,Large-crowd-of-people-014.jpg,0.614,
84,Je-Suis-Charlie-1024x642.jpg,9,photo-1506755594592-349d12a7c52a.jpeg,0.6139,
84,Je-Suis-Charlie-1024x642.jpg,10,President_Barack_Obama.jpg,0.6134,
85,KAS-Freiheit-Bild-5414-2.jpg,1,best-movie-posters-of-all-time-v0-w3jkbptktk6g1.jpeg,0.6581,
85,KAS-Freiheit-Bild-5414-2.jpg,2,900_Boy Scouts Jamboree.jpg,0.6514,
85,KAS-Freiheit-Bild-5414-2.jpg,3,Screenshot 2026-09-13 at 2.38.07 PM.png,0.6467,
85,KAS-Freiheit-Bild-5414-2.jpg,4,Screenshot 2026-07-30 at 11.26.00 PM.png,0.6448,
85,KAS-Freiheit-Bild-5414-2.jpg,5,Stalin_in_July_1941-scaled.jpg,0.6438,
85,KAS-Freiheit-Bild-5414-2.jpg,6,"71-DuJMBshL._AC_UF1000,1000_QL80_.jpg",0.6419,
85,KAS-Freiheit-Bild-5414-2.jpg,7,NPG-78T0884A_1.jpg,0.6296,
85,KAS-Freiheit-Bild-5414-2.jpg,8,693.jpg,0.6254,
85,KAS-Freiheit-Bild-5414-2.jpg,9,Joseph-Stalin-1950.jpeg,0.6252,
85,KAS-Freiheit-Bild-5414-2.jpg,10,"Worker and supervisor at a car factory, Moscow, 1954.jpg",0.6206,
86,Khomeinilead.jpeg,1,Imam_Khomeini_in_Mehrabad.jpg,0.7348,
86,Khomeinilead.jpeg,2,Mao-Zedong.jpeg,0.5731,
86,Khomeinilead.jpeg,3,55f161bf-165a-4aa8-b22c-c66a3f9452b8_cx0_cy11_cw0_w1080_h608.jpeg,0.5663,
86,Khomeinilead.jpeg,4,693.jpg,0.5655,
86,Khomeinilead.jpeg,5,1967-10_1967年毛泽东与林彪.jpg,0.5654,
86,Khomeinilead.jpeg,6,30d1a2aa-df8d-4714-ae6f-c557392ee966_9341936a.jpeg,0.556,
86,Khomeinilead.jpeg,7,Pres-Richard-Nixon-Deng-Xiaoping-Jimmy-Carter-Jan-29-1979.jpeg,0.5466,
86,Khomeinilead.jpeg,8,6f8fc600-c727-11ef-b843-adebdd7bb874.jpg,0.5443,
86,Khomeinilead.jpeg,9,The_million_march_man.jpg,0.5436,
86,Khomeinilead.jpeg,10,S1-LZ040_CDIARI_G_20210913165051.jpg,0.5356,
87,Kim-Il-Sung-Propaganda.jpg,1,rtr3xjay.jpg,0.7968,
87,Kim-Il-Sung-Propaganda.jpg,2,GrIbt2WXgAArYDk.jpg,0.7833,
87,Kim-Il-Sung-Propaganda.jpg,3,images copy.jpg,0.7799,
87,Kim-Il-Sung-Propaganda.jpg,4,Mao-Zedong-1965.jpeg,0.7764,
87,Kim-Il-Sung-Propaganda.jpg,5,23macfarquharWeb-superJumbo.jpg,0.7762,
87,Kim-Il-Sung-Propaganda.jpg,6,1967-10_1967年毛泽东与林彪.jpg,0.7654,
87,Kim-Il-Sung-Propaganda.jpg,7,"Mao_Tsé-toung,_portrait_en_buste,_assis,_faisant_face_à_Nikita_Khrouchtchev,_pendant_la_visite_du_chef_russe_1958_à_Pékin_(Mao_Zedong).jpg",0.7581,
87,Kim-Il-Sung-Propaganda.jpg,8,693.jpg,0.7528,
87,Kim-Il-Sung-Propaganda.jpg,9,S1-LZ040_CDIARI_G_20210913165051.jpg,0.7512,
87,Kim-Il-Sung-Propaganda.jpg,10,mao_great_leap_forward_history_today_0.jpeg,0.7437,
88,Kriegsplakate_6_db.jpg,1,900_Boy Scouts Jamboree.jpg,0.6904,
88,Kriegsplakate_6_db.jpg,2,"Worker and supervisor at a car factory, Moscow, 1954.jpg",0.6397,
88,Kriegsplakate_6_db.jpg,3,900_Row-One-Brand_1964-coke-ad-remix-final-row-1.jpg,0.6357,
88,Kriegsplakate_6_db.jpg,4,7.2-Margaret-Thatcher.jpg,0.6338,
88,Kriegsplakate_6_db.jpg,5,Stalin_in_July_1941-scaled.jpg,0.6272,
88,Kriegsplakate_6_db.jpg,6,images-2 copy.jpg,0.6169,
88,Kriegsplakate_6_db.jpg,7,"71-DuJMBshL._AC_UF1000,1000_QL80_.jpg",0.6041,
88,Kriegsplakate_6_db.jpg,8,Little_Red_Riding_Hood_-_J._W._Smith.jpg,0.604,
88,Kriegsplakate_6_db.jpg,9,vintage-female-mechanic-stockcake.jpg,0.6033,
88,Kriegsplakate_6_db.jpg,10,images-3 copy.jpg,0.6017,
89,LBJ.png,1,"Lyndon_B._Johnson,_photo_portrait,_leaning_on_chair,_color_cropped.jpg",0.7371,
89,LBJ.png,2,Franklin-D-Roosevelt-1937.jpeg,0.7153,
89,LBJ.png,3,los-angeles-california-nixon-press-conference-at-the-news-photo-1690823585.jpeg,0.7084,
89,LBJ.png,4,"FDR-1944-Campaign-Portrait_(3x4_retouched,_cropped).jpg",0.7028,
89,LBJ.png,5,Richard-M-Nixon-1969.jpeg,0.6985,
89,LBJ.png,6,John-F-Kennedy.jpeg,0.6721,
89,LBJ.png,7,gettyimages-872442016.jpeg,0.6656,
89,LBJ.png,8,Polyester-American-flag-closeup-angle_6647de24-6210-4bb8-a86f-2b0c5923c020.jpeg,0.6569,
89,LBJ.png,9,"71-DuJMBshL._AC_UF1000,1000_QL80_.jpg",0.6466,
89,LBJ.png,10,Stalin_in_July_1941-scaled.jpg,0.6449,
90,Leaping_Patriotic_Autumn.jpg,1,SamuraiArmor-Feat.jpg,0.6867,
90,Leaping_Patriotic_Autumn.jpg,2,Throne-of-Blood.jpg,0.601,
90,Leaping_Patriotic_Autumn.jpg,3,900_Boy Scouts Jamboree.jpg,0.5993,
90,Leaping_Patriotic_Autumn.jpg,4,image-asset.jpeg,0.5989,
90,Leaping_Patriotic_Autumn.jpg,5,Little_Red_Riding_Hood_-_J._W._Smith.jpg,0.5821,
90,Leaping_Patriotic_Autumn.jpg,6,Seven-Samurai.jpg,0.5744,
90,Leaping_Patriotic_Autumn.jpg,7,Le_Penseur_by_Rodin_(Kunsthalle_Bielefeld)_2014-04-10.JPG,0.5693,
90,Leaping_Patriotic_Autumn.jpg,8,Merry_Old_Santa_Claus_by_Thomas_Nast.jpg,0.5664,
90,Leaping_Patriotic_Autumn.jpg,9,db12166e-abdc-4a7c-b7c0-067d2ea2572a.jpeg,0.553,
90,Leaping_Patriotic_Autumn.jpg,10,Matisse-The-Dessert-Harmony-in-Red-Henri-1908-fast.jpg,0.5507,
91,Lejaren_Hiller21.jpg,1,900_Boy Scouts Jamboree.jpg,0.6785,
91,Lejaren_Hiller21.jpg,2,vintage-female-mechanic-stockcake.jpg,0.6646,
91,Lejaren_Hiller21.jpg,3,900_Row-One-Brand_1964-coke-ad-remix-final-row-1.jpg,0.6442,
91,Lejaren_Hiller21.jpg,4,1960s-portrait-smiling-blond-woman-vintage-images.jpg,0.6343,
91,Lejaren_Hiller21.jpg,5,Large-crowd-of-people-014.jpg,0.6317,
91,Lejaren_Hiller21.jpg,6,Franklin-D-Roosevelt-1937.jpeg,0.6253,
91,Lejaren_Hiller21.jpg,7,Little_Red_Riding_Hood_-_J._W._Smith.jpg,0.6238,
91,Lejaren_Hiller21.jpg,8,timon-studler-ABGaVhJxwDQ-unsplash_b99ec30b-edbe-4152-9619-95beb998dd4a-prv.jpg,0.6199,
91,Lejaren_Hiller21.jpg,9,"Worker and supervisor at a car factory, Moscow, 1954.jpg",0.619,
91,Lejaren_Hiller21.jpg,10,"Raising_the_Flag_on_Iwo_Jima,_larger_-_edit1.jpg",0.6185,
92,Lets_win_the_Greater_East_Asia_War.jpg,1,SamuraiArmor-Feat.jpg,0.6513,
92,Lets_win_the_Greater_East_Asia_War.jpg,2,150826233935-ww2-china-8-exlarge-169-5355409.jpg,0.6436,
92,Lets_win_the_Greater_East_Asia_War.jpg,3,GrIbt2WXgAArYDk.jpg,0.6349,
92,Lets_win_the_Greater_East_Asia_War.jpg,4,1967-10_1967年毛泽东与林彪.jpg,0.6339,
92,Lets_win_the_Greater_East_Asia_War.jpg,5,images copy.jpg,0.6315,
92,Lets_win_the_Greater_East_Asia_War.jpg,6,Throne-of-Blood.jpg,0.63,
92,Lets_win_the_Greater_East_Asia_War.jpg,7,693.jpg,0.627,
92,Lets_win_the_Greater_East_Asia_War.jpg,8,"Mao_Tsé-toung,_portrait_en_buste,_assis,_faisant_face_à_Nikita_Khrouchtchev,_pendant_la_visite_du_chef_russe_1958_à_Pékin_(Mao_Zedong).jpg",0.6223,
92,Lets_win_the_Greater_East_Asia_War.jpg,9,23macfarquharWeb-superJumbo.jpg,0.6209,
92,Lets_win_the_Greater_East_Asia_War.jpg,10,Seven-Samurai.jpg,0.6189,
93,Lidice_shall_live.jpg,1,Stalin_in_July_1941-scaled.jpg,0.656,
93,Lidice_shall_live.jpg,2,"71-DuJMBshL._AC_UF1000,1000_QL80_.jpg",0.6439,
93,Lidice_shall_live.jpg,3,images-3 copy.jpg,0.6407,
93,Lidice_shall_live.jpg,4,Joseph-Stalin-1950.jpeg,0.6402,
93,Lidice_shall_live.jpg,5,900_Boy Scouts Jamboree.jpg,0.6392,
93,Lidice_shall_live.jpg,6,images-2 copy.jpg,0.6252,
93,Lidice_shall_live.jpg,7,zunzun no.2  dia de las far castro.jpg,0.6247,
93,Lidice_shall_live.jpg,8,693.jpg,0.6197,
93,Lidice_shall_live.jpg,9,"Mao_Tsé-toung,_portrait_en_buste,_assis,_faisant_face_à_Nikita_Khrouchtchev,_pendant_la_visite_du_chef_russe_1958_à_Pékin_(Mao_Zedong).jpg",0.6188,
93,Lidice_shall_live.jpg,10,900_Row-One-Brand_1964-coke-ad-remix-final-row-1.jpg,0.618,
94,Loose-Talk-Can-Cost-Lives-Quiet-Poster.jpg,1,images-3 copy.jpg,0.6791,
94,Loose-Talk-Can-Cost-Lives-Quiet-Poster.jpg,2,900_Boy Scouts Jamboree.jpg,0.6785,
94,Loose-Talk-Can-Cost-Lives-Quiet-Poster.jpg,3,Polyester-American-flag-closeup-angle_6647de24-6210-4bb8-a86f-2b0c5923c020.jpeg,0.6725,
94,Loose-Talk-Can-Cost-Lives-Quiet-Poster.jpg,4,Stalin_in_July_1941-scaled.jpg,0.667,
94,Loose-Talk-Can-Cost-Lives-Quiet-Poster.jpg,5,Little_Red_Riding_Hood_-_J._W._Smith.jpg,0.6565,
94,Loose-Talk-Can-Cost-Lives-Quiet-Poster.jpg,6,pointing-finger-forward-stockcake.jpg,0.6532,
94,Loose-Talk-Can-Cost-Lives-Quiet-Poster.jpg,7,images-2 copy.jpg,0.6493,
94,Loose-Talk-Can-Cost-Lives-Quiet-Poster.jpg,8,"71-DuJMBshL._AC_UF1000,1000_QL80_.jpg",0.6439,
94,Loose-Talk-Can-Cost-Lives-Quiet-Poster.jpg,9,Large-crowd-of-people-014.jpg,0.6407,
94,Loose-Talk-Can-Cost-Lives-Quiet-Poster.jpg,10,photo-1506755594592-349d12a7c52a.jpeg,0.6401,
95,Maos-Little-Red-Book-featured-image.jpg,1,Mao-Zedong-1965.jpeg,0.8457,
95,Maos-Little-Red-Book-featured-image.jpg,2,"Mao_Tsé-toung,_portrait_en_buste,_assis,_faisant_face_à_Nikita_Khrouchtchev,_pendant_la_visite_du_chef_russe_1958_à_Pékin_(Mao_Zedong).jpg",0.8233,
95,Maos-Little-Red-Book-featured-image.jpg,3,693.jpg,0.8218,
95,Maos-Little-Red-Book-featured-image.jpg,4,GrIbt2WXgAArYDk.jpg,0.8148,
95,Maos-Little-Red-Book-featured-image.jpg,5,China-Deng-Xiao-ping-005-1.jpg,0.8094,
95,Maos-Little-Red-Book-featured-image.jpg,6,images copy.jpg,0.8079,
95,Maos-Little-Red-Book-featured-image.jpg,7,S1-LZ040_CDIARI_G_20210913165051.jpg,0.8058,
95,Maos-Little-Red-Book-featured-image.jpg,8,1967-10_1967年毛泽东与林彪.jpg,0.7994,
95,Maos-Little-Red-Book-featured-image.jpg,9,Mao-Zedong.jpeg,0.7991,
95,Maos-Little-Red-Book-featured-image.jpg,10,23macfarquharWeb-superJumbo.jpg,0.7988,
96,Mawei_China_Propaganda_facing_Matsu.jpg,1,TAL-bernina-express-switzerland-PRETTSTEUROTRAIN0426-4e3d53753f7d4de5887ef1c0ab57f662.jpg,0.6678,
96,Mawei_China_Propaganda_facing_Matsu.jpg,2,ChinglungChiao_Railway_Station_01.jpg,0.6615,
96,Mawei_China_Propaganda_facing_Matsu.jpg,3,beijing-cctv-headquarters-night-cityscape-light-trails.jpg,0.651,
96,Mawei_China_Propaganda_facing_Matsu.jpg,4,central-business-district.jpg,0.6332,
96,Mawei_China_Propaganda_facing_Matsu.jpg,5,2023-09-30T051708Z_985728_RC2PI3A53UNF_RTRMADP_3_CHINA-ANNIVERSARY-2-1.webp,0.626,
96,Mawei_China_Propaganda_facing_Matsu.jpg,6,President-of-China-Xi-Jinping.jpeg,0.6251,
96,Mawei_China_Propaganda_facing_Matsu.jpg,7,_126347570_gettyimages-1238182438.jpg,0.6021,
96,Mawei_China_Propaganda_facing_Matsu.jpg,8,f76170fe-5a42-42ec-9235-e66b72d01192.jpeg,0.5979,
96,Mawei_China_Propaganda_facing_Matsu.jpg,9,560868.jpg,0.5954,
96,Mawei_China_Propaganda_facing_Matsu.jpg,10,1000w_q95.jpeg,0.5858,
97,NMAH-AHB1000583.jpg,1,900_Boy Scouts Jamboree.jpg,0.6552,
97,NMAH-AHB1000583.jpg,2,Hillary_Clinton_official_Secretary_of_State_portrait_crop.jpg,0.6102,
97,NMAH-AHB1000583.jpg,3,Polyester-American-flag-closeup-angle_6647de24-6210-4bb8-a86f-2b0c5923c020.jpeg,0.6046,
97,NMAH-AHB1000583.jpg,4,Bill-Clinton.jpeg,0.6023,
97,NMAH-AHB1000583.jpg,5,Franklin-D-Roosevelt-1937.jpeg,0.5967,
97,NMAH-AHB1000583.jpg,6,900_Row-One-Brand_1964-coke-ad-remix-final-row-1.jpg,0.5887,
97,NMAH-AHB1000583.jpg,7,John-F-Kennedy.jpeg,0.5799,
97,NMAH-AHB1000583.jpg,8,"FDR-1944-Campaign-Portrait_(3x4_retouched,_cropped).jpg",0.5755,
97,NMAH-AHB1000583.jpg,9,best-movie-posters-of-all-time-v0-jjxf6ntktk6g1.jpeg,0.5753,
97,NMAH-AHB1000583.jpg,10,gettyimages-872442016.jpeg,0.5696,
98,NRA_anti-Japanese_war_poster.jpg,1,GrIbt2WXgAArYDk.jpg,0.7752,
98,NRA_anti-Japanese_war_poster.jpg,2,images copy.jpg,0.7734,
98,NRA_anti-Japanese_war_poster.jpg,3,SamuraiArmor-Feat.jpg,0.7466,
98,NRA_anti-Japanese_war_poster.jpg,4,Jiang_Jieshi2.jpg,0.7158,
98,NRA_anti-Japanese_war_poster.jpg,5,Mao-Zedong-1965.jpeg,0.7146,
98,NRA_anti-Japanese_war_poster.jpg,6,mao-zedong-jiang-jieshi-histoire.jpeg,0.7083,
98,NRA_anti-Japanese_war_poster.jpg,7,1967-10_1967年毛泽东与林彪.jpg,0.6996,
98,NRA_anti-Japanese_war_poster.jpg,8,1000w_q95.jpeg,0.6965,
98,NRA_anti-Japanese_war_poster.jpg,9,693.jpg,0.6857,
98,NRA_anti-Japanese_war_poster.jpg,10,Throne-of-Blood.jpg,0.6857,
99,Never_was_so_much_owed_by_so_many_to_so_few.jpg,1,900_Boy Scouts Jamboree.jpg,0.6252,
99,Never_was_so_much_owed_by_so_many_to_so_few.jpg,2,7.2-Margaret-Thatcher.jpg,0.6193,
99,Never_was_so_much_owed_by_so_many_to_so_few.jpg,3,gettyimages-1061707698.jpeg,0.6094,
99,Never_was_so_much_owed_by_so_many_to_so_few.jpg,4,"Raising_the_Flag_on_Iwo_Jima,_larger_-_edit1.jpg",0.6055,
99,Never_was_so_much_owed_by_so_many_to_so_few.jpg,5,Stalin_in_July_1941-scaled.jpg,0.6043,
99,Never_was_so_much_owed_by_so_many_to_so_few.jpg,6,Franklin-D-Roosevelt-1937.jpeg,0.5981,
99,Never_was_so_much_owed_by_so_many_to_so_few.jpg,7,King_George_VI_LOC_matpc.14736_A_(cropped).jpg,0.5968,
99,Never_was_so_much_owed_by_so_many_to_so_few.jpg,8,King_George_VI_LOC_matpc.14736_A_(cropped) copy.jpg,0.5968,
99,Never_was_so_much_owed_by_so_many_to_so_few.jpg,9,"At_London_2025_487_-_Statue_of_Winston_Churchill,_Parliament_Square.jpg",0.591,
99,Never_was_so_much_owed_by_so_many_to_so_few.jpg,10,150826233935-ww2-china-8-exlarge-169-5355409.jpg,0.5864,
100,North_Korea_—_Pyongyang_Opera_(1026497015).jpg,1,photo-1506755594592-349d12a7c52a.jpeg,0.5451,
100,North_Korea_—_Pyongyang_Opera_(1026497015).jpg,2,il_fullxfull.2946516750_ao6g.jpeg,0.5445,
100,North_Korea_—_Pyongyang_Opera_(1026497015).jpg,3,"71-DuJMBshL._AC_UF1000,1000_QL80_.jpg",0.538,
100,North_Korea_—_Pyongyang_Opera_(1026497015).jpg,4,Joseph-Stalin-1950.jpeg,0.5332,
100,North_Korea_—_Pyongyang_Opera_(1026497015).jpg,5,f7a8078786ddedc71d709c0c1076a8ed.jpg,0.5296,
100,North_Korea_—_Pyongyang_Opera_(1026497015).jpg,6,Le_Penseur_by_Rodin_(Kunsthalle_Bielefeld)_2014-04-10.JPG,0.5278,
100,North_Korea_—_Pyongyang_Opera_(1026497015).jpg,7,images-3 copy.jpg,0.5267,
100,North_Korea_—_Pyongyang_Opera_(1026497015).jpg,8,Stalin_in_July_1941-scaled.jpg,0.5226,
100,North_Korea_—_Pyongyang_Opera_(1026497015).jpg,9,Che_Guevara_-_Guerrillero_Heroico_by_Alberto_Korda.jpg,0.521,
100,North_Korea_—_Pyongyang_Opera_(1026497015).jpg,10,230a53de-7d50-48dc-8f4e-ae56b37393c3.jpeg,0.5141,
101,Oer_the_ramparts_we_watch.jpg,1,900_Boy Scouts Jamboree.jpg,0.7855,
101,Oer_the_ramparts_we_watch.jpg,2,images-1 copy 5.jpg,0.6878,
101,Oer_the_ramparts_we_watch.jpg,3,Registry-of-the-American-Soldier.png,0.6722,
101,Oer_the_ramparts_we_watch.jpg,4,"Raising_the_Flag_on_Iwo_Jima,_larger_-_edit1.jpg",0.6545,
101,Oer_the_ramparts_we_watch.jpg,5,Franklin-D-Roosevelt-1937.jpeg,0.6531,
101,Oer_the_ramparts_we_watch.jpg,6,vintage-female-mechanic-stockcake.jpg,0.6493,
101,Oer_the_ramparts_we_watch.jpg,7,John-F-Kennedy.jpeg,0.6477,
101,Oer_the_ramparts_we_watch.jpg,8,Polyester-American-flag-closeup-angle_6647de24-6210-4bb8-a86f-2b0c5923c020.jpeg,0.6408,
101,Oer_the_ramparts_we_watch.jpg,9,Stalin_in_July_1941-scaled.jpg,0.6275,
101,Oer_the_ramparts_we_watch.jpg,10,best-movie-posters-of-all-time-v0-jjxf6ntktk6g1.jpeg,0.6214,
102,"Painting_of_KIS_and_KJI_near_Baekdusan_Lake,_North_Korea_(2921982738).jpg",1,rtr3xjay.jpg,0.7653,
102,"Painting_of_KIS_and_KJI_near_Baekdusan_Lake,_North_Korea_(2921982738).jpg",2,1967-10_1967年毛泽东与林彪.jpg,0.7643,
102,"Painting_of_KIS_and_KJI_near_Baekdusan_Lake,_North_Korea_(2921982738).jpg",3,23macfarquharWeb-superJumbo.jpg,0.7493,
102,"Painting_of_KIS_and_KJI_near_Baekdusan_Lake,_North_Korea_(2921982738).jpg",4,Mao-Zedong-1965.jpeg,0.7241,
102,"Painting_of_KIS_and_KJI_near_Baekdusan_Lake,_North_Korea_(2921982738).jpg",5,npr.brightspotcdn copy.jpg,0.7228,
102,"Painting_of_KIS_and_KJI_near_Baekdusan_Lake,_North_Korea_(2921982738).jpg",6,China-Deng-Xiao-ping-005-1.jpg,0.7206,
102,"Painting_of_KIS_and_KJI_near_Baekdusan_Lake,_North_Korea_(2921982738).jpg",7,"Mao_Tsé-toung,_portrait_en_buste,_assis,_faisant_face_à_Nikita_Khrouchtchev,_pendant_la_visite_du_chef_russe_1958_à_Pékin_(Mao_Zedong).jpg",0.7128,
102,"Painting_of_KIS_and_KJI_near_Baekdusan_Lake,_North_Korea_(2921982738).jpg",8,Mao-Zedong.jpeg,0.7091,
102,"Painting_of_KIS_and_KJI_near_Baekdusan_Lake,_North_Korea_(2921982738).jpg",9,30d1a2aa-df8d-4714-ae6f-c557392ee966_9341936a.jpeg,0.6964,
102,"Painting_of_KIS_and_KJI_near_Baekdusan_Lake,_North_Korea_(2921982738).jpg",10,S1-LZ040_CDIARI_G_20210913165051.jpg,0.6944,
103,Polish-soviet_propaganda_poster_1920.jpg,1,Joseph-Stalin-1950.jpeg,0.7285,
103,Polish-soviet_propaganda_poster_1920.jpg,2,"71-DuJMBshL._AC_UF1000,1000_QL80_.jpg",0.7183,
103,Polish-soviet_propaganda_poster_1920.jpg,3,Vladimir_Lenin.jpeg,0.7181,
103,Polish-soviet_propaganda_poster_1920.jpg,4,images-3 copy.jpg,0.7131,
103,Polish-soviet_propaganda_poster_1920.jpg,5,Stalin_in_July_1941-scaled.jpg,0.7092,
103,Polish-soviet_propaganda_poster_1920.jpg,6,images-2 copy.jpg,0.7029,
103,Polish-soviet_propaganda_poster_1920.jpg,7,Screenshot 2026-07-30 at 11.26.00 PM.png,0.6976,
103,Polish-soviet_propaganda_poster_1920.jpg,8,SamuraiArmor-Feat.jpg,0.6838,
103,Polish-soviet_propaganda_poster_1920.jpg,9,GrIbt2WXgAArYDk.jpg,0.6802,
103,Polish-soviet_propaganda_poster_1920.jpg,10,Vladimir_Lenin_a_colori_(cropped).jpg,0.6748,
104,Poster-of-Mao-Zedong-and-Lin-Biao.jpg,1,693.jpg,0.8262,
104,Poster-of-Mao-Zedong-and-Lin-Biao.jpg,2,Mao-Zedong.jpeg,0.8252,
104,Poster-of-Mao-Zedong-and-Lin-Biao.jpg,3,"Mao_Tsé-toung,_portrait_en_buste,_assis,_faisant_face_à_Nikita_Khrouchtchev,_pendant_la_visite_du_chef_russe_1958_à_Pékin_(Mao_Zedong).jpg",0.8229,
104,Poster-of-Mao-Zedong-and-Lin-Biao.jpg,4,S1-LZ040_CDIARI_G_20210913165051.jpg,0.8209,
104,Poster-of-Mao-Zedong-and-Lin-Biao.jpg,5,Mao-Zedong-1965.jpeg,0.8141,
104,Poster-of-Mao-Zedong-and-Lin-Biao.jpg,6,China-Deng-Xiao-ping-005-1.jpg,0.8084,
104,Poster-of-Mao-Zedong-and-Lin-Biao.jpg,7,1967-10_1967年毛泽东与林彪.jpg,0.8023,
104,Poster-of-Mao-Zedong-and-Lin-Biao.jpg,8,MV5BNWU5ZTg3NDYtYzM1MC00YWMzLWEyYTktNGEyZTgyYjlmMDExXkEyXkFqcGc@._V1_.jpg,0.7913,
104,Poster-of-Mao-Zedong-and-Lin-Biao.jpg,9,23macfarquharWeb-superJumbo.jpg,0.7895,
104,Poster-of-Mao-Zedong-and-Lin-Biao.jpg,10,Stalin_in_July_1941-scaled.jpg,0.7851,
105,Pro-Japanese_propaganda_in_the_occupied_territories_of_China.jpg,1,mao-zedong-jiang-jieshi-histoire.jpeg,0.7619,
105,Pro-Japanese_propaganda_in_the_occupied_territories_of_China.jpg,2,693.jpg,0.7603,
105,Pro-Japanese_propaganda_in_the_occupied_territories_of_China.jpg,3,Mao-Zedong.jpeg,0.7521,
105,Pro-Japanese_propaganda_in_the_occupied_territories_of_China.jpg,4,GrIbt2WXgAArYDk.jpg,0.7491,
105,Pro-Japanese_propaganda_in_the_occupied_territories_of_China.jpg,5,1967-10_1967年毛泽东与林彪.jpg,0.7469,
105,Pro-Japanese_propaganda_in_the_occupied_territories_of_China.jpg,6,Mao-Zedong-1965.jpeg,0.7448,
105,Pro-Japanese_propaganda_in_the_occupied_territories_of_China.jpg,7,"Mao_Tsé-toung,_portrait_en_buste,_assis,_faisant_face_à_Nikita_Khrouchtchev,_pendant_la_visite_du_chef_russe_1958_à_Pékin_(Mao_Zedong).jpg",0.7434,
105,Pro-Japanese_propaganda_in_the_occupied_territories_of_China.jpg,8,23macfarquharWeb-superJumbo.jpg,0.7391,
105,Pro-Japanese_propaganda_in_the_occupied_territories_of_China.jpg,9,images copy.jpg,0.7386,
105,Pro-Japanese_propaganda_in_the_occupied_territories_of_China.jpg,10,Stalin_in_July_1941-scaled.jpg,0.7246,
106,Propaganda_North_Korea.jpg,1,rtr3xjay.jpg,0.8216,
106,Propaganda_North_Korea.jpg,2,npr.brightspotcdn copy.jpg,0.7907,
106,Propaganda_North_Korea.jpg,3,photo-1506755594592-349d12a7c52a.jpeg,0.7158,
106,Propaganda_North_Korea.jpg,4,Stalin_in_July_1941-scaled.jpg,0.7149,
106,Propaganda_North_Korea.jpg,5,2023-09-30T051708Z_985728_RC2PI3A53UNF_RTRMADP_3_CHINA-ANNIVERSARY-2-1.webp,0.7146,
106,Propaganda_North_Korea.jpg,6,23macfarquharWeb-superJumbo.jpg,0.7132,
106,Propaganda_North_Korea.jpg,7,Che_Guevara_-_Guerrillero_Heroico_by_Alberto_Korda.jpg,0.7096,
106,Propaganda_North_Korea.jpg,8,timon-studler-ABGaVhJxwDQ-unsplash_b99ec30b-edbe-4152-9619-95beb998dd4a-prv.jpg,0.7009,
106,Propaganda_North_Korea.jpg,9,images copy.jpg,0.7008,
106,Propaganda_North_Korea.jpg,10,President-of-China-Xi-Jinping.jpeg,0.7005,
107,Propaganda_poster_in_a_primary_school_-_DPRK_(2604154887).jpg,1,rtr3xjay.jpg,0.7572,
107,Propaganda_poster_in_a_primary_school_-_DPRK_(2604154887).jpg,2,npr.brightspotcdn copy.jpg,0.7177,
107,Propaganda_poster_in_a_primary_school_-_DPRK_(2604154887).jpg,3,zunzun no.2  dia de las far castro.jpg,0.6707,
107,Propaganda_poster_in_a_primary_school_-_DPRK_(2604154887).jpg,4,images copy.jpg,0.6703,
107,Propaganda_poster_in_a_primary_school_-_DPRK_(2604154887).jpg,5,1000w_q95.jpeg,0.6547,
107,Propaganda_poster_in_a_primary_school_-_DPRK_(2604154887).jpg,6,2023-09-30T051708Z_985728_RC2PI3A53UNF_RTRMADP_3_CHINA-ANNIVERSARY-2-1.webp,0.6492,
107,Propaganda_poster_in_a_primary_school_-_DPRK_(2604154887).jpg,7,Che_Guevara_-_Guerrillero_Heroico_by_Alberto_Korda.jpg,0.6415,
107,Propaganda_poster_in_a_primary_school_-_DPRK_(2604154887).jpg,8,"Mao_Tsé-toung,_portrait_en_buste,_assis,_faisant_face_à_Nikita_Khrouchtchev,_pendant_la_visite_du_chef_russe_1958_à_Pékin_(Mao_Zedong).jpg",0.6389,
107,Propaganda_poster_in_a_primary_school_-_DPRK_(2604154887).jpg,9,GrIbt2WXgAArYDk.jpg,0.6388,
107,Propaganda_poster_in_a_primary_school_-_DPRK_(2604154887).jpg,10,ap_080916029731_35535176_ver1.0.jpeg,0.6375,
108,Pyongyang_Film_Studio_mural_detail.jpg,1,rtr3xjay.jpg,0.7834,
108,Pyongyang_Film_Studio_mural_detail.jpg,2,23macfarquharWeb-superJumbo.jpg,0.7556,
108,Pyongyang_Film_Studio_mural_detail.jpg,3,npr.brightspotcdn copy.jpg,0.7537,
108,Pyongyang_Film_Studio_mural_detail.jpg,4,1967-10_1967年毛泽东与林彪.jpg,0.7403,
108,Pyongyang_Film_Studio_mural_detail.jpg,5,693.jpg,0.7375,
108,Pyongyang_Film_Studio_mural_detail.jpg,6,zunzun no.2  dia de las far castro.jpg,0.7359,
108,Pyongyang_Film_Studio_mural_detail.jpg,7,"Mao_Tsé-toung,_portrait_en_buste,_assis,_faisant_face_à_Nikita_Khrouchtchev,_pendant_la_visite_du_chef_russe_1958_à_Pékin_(Mao_Zedong).jpg",0.7339,
108,Pyongyang_Film_Studio_mural_detail.jpg,8,Che_Guevara_-_Guerrillero_Heroico_by_Alberto_Korda.jpg,0.7338,
108,Pyongyang_Film_Studio_mural_detail.jpg,9,Mao-Zedong-1965.jpeg,0.731,
108,Pyongyang_Film_Studio_mural_detail.jpg,10,Stalin_in_July_1941-scaled.jpg,0.7247,
109,Recruitment_poster_for_the_Tank_School_of_the_Imperial_Japanese_Army.jpg,1,150826233935-ww2-china-8-exlarge-169-5355409.jpg,0.672,
109,Recruitment_poster_for_the_Tank_School_of_the_Imperial_Japanese_Army.jpg,2,GrIbt2WXgAArYDk.jpg,0.6367,
109,Recruitment_poster_for_the_Tank_School_of_the_Imperial_Japanese_Army.jpg,3,images copy.jpg,0.6339,
109,Recruitment_poster_for_the_Tank_School_of_the_Imperial_Japanese_Army.jpg,4,best-movie-posters-of-all-time-v0-w3jkbptktk6g1.jpeg,0.6253,
109,Recruitment_poster_for_the_Tank_School_of_the_Imperial_Japanese_Army.jpg,5,Mark_I_series_tank.jpg,0.6232,
109,Recruitment_poster_for_the_Tank_School_of_the_Imperial_Japanese_Army.jpg,6,23macfarquharWeb-superJumbo.jpg,0.6066,
109,Recruitment_poster_for_the_Tank_School_of_the_Imperial_Japanese_Army.jpg,7,693.jpg,0.6055,
109,Recruitment_poster_for_the_Tank_School_of_the_Imperial_Japanese_Army.jpg,8,1967-10_1967年毛泽东与林彪.jpg,0.6051,
109,Recruitment_poster_for_the_Tank_School_of_the_Imperial_Japanese_Army.jpg,9,mao-zedong-jiang-jieshi-histoire.jpeg,0.6019,
109,Recruitment_poster_for_the_Tank_School_of_the_Imperial_Japanese_Army.jpg,10,China-Deng-Xiao-ping-005-1.jpg,0.5999,
110,Remember_December_7th_full.jpg,1,Polyester-American-flag-closeup-angle_6647de24-6210-4bb8-a86f-2b0c5923c020.jpeg,0.7264,
110,Remember_December_7th_full.jpg,2,"Raising_the_Flag_on_Iwo_Jima,_larger_-_edit1.jpg",0.7109,
110,Remember_December_7th_full.jpg,3,900_Boy Scouts Jamboree.jpg,0.6749,
110,Remember_December_7th_full.jpg,4,John-F-Kennedy.jpeg,0.6675,
110,Remember_December_7th_full.jpg,5,Stalin_in_July_1941-scaled.jpg,0.6625,
110,Remember_December_7th_full.jpg,6,Franklin-D-Roosevelt-1937.jpeg,0.6396,
110,Remember_December_7th_full.jpg,7,President_Barack_Obama.jpg,0.6396,
110,Remember_December_7th_full.jpg,8,images-3 copy.jpg,0.6387,
110,Remember_December_7th_full.jpg,9,2827r.jpg,0.6375,
110,Remember_December_7th_full.jpg,10,Cross.jpeg,0.6364,
111,Revolutionary_opera.jpg,1,Seven-Samurai.jpg,0.7755,
111,Revolutionary_opera.jpg,2,images copy.jpg,0.7573,
111,Revolutionary_opera.jpg,3,Throne-of-Blood.jpg,0.7517,
111,Revolutionary_opera.jpg,4,693.jpg,0.7444,
111,Revolutionary_opera.jpg,5,23macfarquharWeb-superJumbo.jpg,0.7415,
111,Revolutionary_opera.jpg,6,Mao-Zedong.jpeg,0.7361,
111,Revolutionary_opera.jpg,7,mao-zedong-jiang-jieshi-histoire.jpeg,0.7354,
111,Revolutionary_opera.jpg,8,1967-10_1967年毛泽东与林彪.jpg,0.7332,
111,Revolutionary_opera.jpg,9,rtr3xjay.jpg,0.7274,
111,Revolutionary_opera.jpg,10,GrIbt2WXgAArYDk.jpg,0.7267,
112,Rosie-the-Riveter-1.jpg,1,vintage-female-mechanic-stockcake.jpg,0.7069,
112,Rosie-the-Riveter-1.jpg,2,Polyester-American-flag-closeup-angle_6647de24-6210-4bb8-a86f-2b0c5923c020.jpeg,0.6932,
112,Rosie-the-Riveter-1.jpg,3,900_Boy Scouts Jamboree.jpg,0.6829,
112,Rosie-the-Riveter-1.jpg,4,Le_Penseur_by_Rodin_(Kunsthalle_Bielefeld)_2014-04-10.JPG,0.6605,
112,Rosie-the-Riveter-1.jpg,5,900_Row-One-Brand_1964-coke-ad-remix-final-row-1.jpg,0.6523,
112,Rosie-the-Riveter-1.jpg,6,"Worker and supervisor at a car factory, Moscow, 1954.jpg",0.6435,
112,Rosie-the-Riveter-1.jpg,7,John-F-Kennedy.jpeg,0.6433,
112,Rosie-the-Riveter-1.jpg,8,Merry_Old_Santa_Claus_by_Thomas_Nast.jpg,0.6373,
112,Rosie-the-Riveter-1.jpg,9,margaret-thatcher_500x500_gettyimages-108932085.jpeg,0.631,
112,Rosie-the-Riveter-1.jpg,10,"Raising_the_Flag_on_Iwo_Jima,_larger_-_edit1.jpg",0.6308,
113,STOP_THIS_MONSTER_THAT_STOPS_AT_NOTHING._PRODUCE_TO_THE_LIMIT._THIS_IS_YOUR_WAR._-_NARA_-_513557.jpg,1,900_Boy Scouts Jamboree.jpg,0.6674,
113,STOP_THIS_MONSTER_THAT_STOPS_AT_NOTHING._PRODUCE_TO_THE_LIMIT._THIS_IS_YOUR_WAR._-_NARA_-_513557.jpg,2,Stalin_in_July_1941-scaled.jpg,0.6523,
113,STOP_THIS_MONSTER_THAT_STOPS_AT_NOTHING._PRODUCE_TO_THE_LIMIT._THIS_IS_YOUR_WAR._-_NARA_-_513557.jpg,3,images-3 copy.jpg,0.6509,
113,STOP_THIS_MONSTER_THAT_STOPS_AT_NOTHING._PRODUCE_TO_THE_LIMIT._THIS_IS_YOUR_WAR._-_NARA_-_513557.jpg,4,King_Kong_1933_Promotional_Image.png,0.6494,
113,STOP_THIS_MONSTER_THAT_STOPS_AT_NOTHING._PRODUCE_TO_THE_LIMIT._THIS_IS_YOUR_WAR._-_NARA_-_513557.jpg,5,best-movie-posters-of-all-time-v0-w3jkbptktk6g1.jpeg,0.6419,
113,STOP_THIS_MONSTER_THAT_STOPS_AT_NOTHING._PRODUCE_TO_THE_LIMIT._THIS_IS_YOUR_WAR._-_NARA_-_513557.jpg,6,Joseph-Stalin-1950.jpeg,0.6368,
113,STOP_THIS_MONSTER_THAT_STOPS_AT_NOTHING._PRODUCE_TO_THE_LIMIT._THIS_IS_YOUR_WAR._-_NARA_-_513557.jpg,7,"71-DuJMBshL._AC_UF1000,1000_QL80_.jpg",0.6353,
113,STOP_THIS_MONSTER_THAT_STOPS_AT_NOTHING._PRODUCE_TO_THE_LIMIT._THIS_IS_YOUR_WAR._-_NARA_-_513557.jpg,8,Franklin-D-Roosevelt-1937.jpeg,0.6203,
113,STOP_THIS_MONSTER_THAT_STOPS_AT_NOTHING._PRODUCE_TO_THE_LIMIT._THIS_IS_YOUR_WAR._-_NARA_-_513557.jpg,9,images-2 copy.jpg,0.6084,
113,STOP_THIS_MONSTER_THAT_STOPS_AT_NOTHING._PRODUCE_TO_THE_LIMIT._THIS_IS_YOUR_WAR._-_NARA_-_513557.jpg,10,sized-170983061.jpeg,0.6074,
114,SZ_深圳博物館_Shenzhen_Museum_深圳改革開放前歷史展廳_Before_Reform_and_Opening-up_History_Exhibition_Hall_文革時代紅色思想宣傳海布_political_posters_IX1_03.jpg,1,Mao-Zedong.jpeg,0.7732,
114,SZ_深圳博物館_Shenzhen_Museum_深圳改革開放前歷史展廳_Before_Reform_and_Opening-up_History_Exhibition_Hall_文革時代紅色思想宣傳海布_political_posters_IX1_03.jpg,2,693.jpg,0.7711,
114,SZ_深圳博物館_Shenzhen_Museum_深圳改革開放前歷史展廳_Before_Reform_and_Opening-up_History_Exhibition_Hall_文革時代紅色思想宣傳海布_political_posters_IX1_03.jpg,3,1967-10_1967年毛泽东与林彪.jpg,0.7673,
114,SZ_深圳博物館_Shenzhen_Museum_深圳改革開放前歷史展廳_Before_Reform_and_Opening-up_History_Exhibition_Hall_文革時代紅色思想宣傳海布_political_posters_IX1_03.jpg,4,"Mao_Tsé-toung,_portrait_en_buste,_assis,_faisant_face_à_Nikita_Khrouchtchev,_pendant_la_visite_du_chef_russe_1958_à_Pékin_(Mao_Zedong).jpg",0.7624,
114,SZ_深圳博物館_Shenzhen_Museum_深圳改革開放前歷史展廳_Before_Reform_and_Opening-up_History_Exhibition_Hall_文革時代紅色思想宣傳海布_political_posters_IX1_03.jpg,5,China-Deng-Xiao-ping-005-1.jpg,0.7586,
114,SZ_深圳博物館_Shenzhen_Museum_深圳改革開放前歷史展廳_Before_Reform_and_Opening-up_History_Exhibition_Hall_文革時代紅色思想宣傳海布_political_posters_IX1_03.jpg,6,S1-LZ040_CDIARI_G_20210913165051.jpg,0.7481,
114,SZ_深圳博物館_Shenzhen_Museum_深圳改革開放前歷史展廳_Before_Reform_and_Opening-up_History_Exhibition_Hall_文革時代紅色思想宣傳海布_political_posters_IX1_03.jpg,7,Mao-Zedong-1965.jpeg,0.7457,
114,SZ_深圳博物館_Shenzhen_Museum_深圳改革開放前歷史展廳_Before_Reform_and_Opening-up_History_Exhibition_Hall_文革時代紅色思想宣傳海布_political_posters_IX1_03.jpg,8,23macfarquharWeb-superJumbo.jpg,0.744,
114,SZ_深圳博物館_Shenzhen_Museum_深圳改革開放前歷史展廳_Before_Reform_and_Opening-up_History_Exhibition_Hall_文革時代紅色思想宣傳海布_political_posters_IX1_03.jpg,9,mao-zedong-jiang-jieshi-histoire.jpeg,0.7313,
114,SZ_深圳博物館_Shenzhen_Museum_深圳改革開放前歷史展廳_Before_Reform_and_Opening-up_History_Exhibition_Hall_文革時代紅色思想宣傳海布_political_posters_IX1_03.jpg,10,mao_great_leap_forward_history_today_0.jpeg,0.7243,
115,Screen-Shot-2018-03-01-at-11.09.17-PM.jpg.webp,1,Joseph-Stalin-1950.jpeg,0.6954,
115,Screen-Shot-2018-03-01-at-11.09.17-PM.jpg.webp,2,Stalin_in_July_1941-scaled.jpg,0.6806,
115,Screen-Shot-2018-03-01-at-11.09.17-PM.jpg.webp,3,images-2 copy.jpg,0.6803,
115,Screen-Shot-2018-03-01-at-11.09.17-PM.jpg.webp,4,900_Boy Scouts Jamboree.jpg,0.6796,
115,Screen-Shot-2018-03-01-at-11.09.17-PM.jpg.webp,5,"71-DuJMBshL._AC_UF1000,1000_QL80_.jpg",0.6755,
115,Screen-Shot-2018-03-01-at-11.09.17-PM.jpg.webp,6,Vladimir_Lenin.jpeg,0.6736,
115,Screen-Shot-2018-03-01-at-11.09.17-PM.jpg.webp,7,Screenshot 2026-09-13 at 2.42.13 PM.png,0.6713,
115,Screen-Shot-2018-03-01-at-11.09.17-PM.jpg.webp,8,images-3 copy.jpg,0.6699,
115,Screen-Shot-2018-03-01-at-11.09.17-PM.jpg.webp,9,Screenshot 2026-09-13 at 2.38.07 PM.png,0.6688,
115,Screen-Shot-2018-03-01-at-11.09.17-PM.jpg.webp,10,zunzun no.2  dia de las far castro.jpg,0.6549,
116,Screenshot 2026-07-30 at 11.18.44 PM.png,1,images-2 copy.jpg,0.6833,
116,Screenshot 2026-07-30 at 11.18.44 PM.png,2,Little_Red_Riding_Hood_-_J._W._Smith.jpg,0.6771,
116,Screenshot 2026-07-30 at 11.18.44 PM.png,3,images-3 copy.jpg,0.6695,
116,Screenshot 2026-07-30 at 11.18.44 PM.png,4,"71-DuJMBshL._AC_UF1000,1000_QL80_.jpg",0.6598,
116,Screenshot 2026-07-30 at 11.18.44 PM.png,5,Stalin_in_July_1941-scaled.jpg,0.653,
116,Screenshot 2026-07-30 at 11.18.44 PM.png,6,sized-170983061.jpeg,0.634,
116,Screenshot 2026-07-30 at 11.18.44 PM.png,7,Joseph-Stalin-1950.jpeg,0.6281,
116,Screenshot 2026-07-30 at 11.18.44 PM.png,8,1861-British-walking-and-sporting-costume.jpg,0.6251,
116,Screenshot 2026-07-30 at 11.18.44 PM.png,9,Vladimir_Lenin.jpeg,0.6245,
116,Screenshot 2026-07-30 at 11.18.44 PM.png,10,900_Boy Scouts Jamboree.jpg,0.624,
117,Screenshot 2026-07-30 at 11.19.00 PM.png,1,NPG-78T0884A_1.jpg,0.6328,
117,Screenshot 2026-07-30 at 11.19.00 PM.png,2,Stalin_in_July_1941-scaled.jpg,0.6292,
117,Screenshot 2026-07-30 at 11.19.00 PM.png,3,images-3 copy.jpg,0.6179,
117,Screenshot 2026-07-30 at 11.19.00 PM.png,4,900_Boy Scouts Jamboree.jpg,0.609,
117,Screenshot 2026-07-30 at 11.19.00 PM.png,5,sized-170983061.jpeg,0.6015,
117,Screenshot 2026-07-30 at 11.19.00 PM.png,6,"71-DuJMBshL._AC_UF1000,1000_QL80_.jpg",0.5964,
117,Screenshot 2026-07-30 at 11.19.00 PM.png,7,Joseph-Stalin-1950.jpeg,0.5875,
117,Screenshot 2026-07-30 at 11.19.00 PM.png,8,images-2 copy.jpg,0.5841,
117,Screenshot 2026-07-30 at 11.19.00 PM.png,9,Little_Red_Riding_Hood_-_J._W._Smith.jpg,0.5661,
117,Screenshot 2026-07-30 at 11.19.00 PM.png,10,Screenshot 2026-09-13 at 2.38.07 PM.png,0.5579,
118,Screenshot 2026-07-30 at 11.25.23 PM.png,1,images-54.jpg,0.7296,
118,Screenshot 2026-07-30 at 11.25.23 PM.png,2,home-fire.jpg,0.6875,
118,Screenshot 2026-07-30 at 11.25.23 PM.png,3,Screenshot 2026-07-30 at 11.26.00 PM.png,0.685,
118,Screenshot 2026-07-30 at 11.25.23 PM.png,4,pxl_20240215_051143844.jpg,0.6631,
118,Screenshot 2026-07-30 at 11.25.23 PM.png,5,images.jpg,0.6601,
118,Screenshot 2026-07-30 at 11.25.23 PM.png,6,Polyester-American-flag-closeup-angle_6647de24-6210-4bb8-a86f-2b0c5923c020.jpeg,0.653,
118,Screenshot 2026-07-30 at 11.25.23 PM.png,7,BN-CU905_ObamaG_FR_20140515164201.jpg,0.6386,
118,Screenshot 2026-07-30 at 11.25.23 PM.png,8,photo-1506755594592-349d12a7c52a.jpeg,0.6296,
118,Screenshot 2026-07-30 at 11.25.23 PM.png,9,images-39.jpg,0.6282,
118,Screenshot 2026-07-30 at 11.25.23 PM.png,10,_87498984_obamatearslarge.jpg,0.6268,
119,Screenshot 2026-07-30 at 11.26.12 PM.png,1,alexandria-ocasio-cortez-lead.jpeg,0.531,
119,Screenshot 2026-07-30 at 11.26.12 PM.png,2,aoc-getty.jpg,0.5185,
119,Screenshot 2026-07-30 at 11.26.12 PM.png,3,margaret-thatcher_500x500_gettyimages-108932085.jpeg,0.5183,
119,Screenshot 2026-07-30 at 11.26.12 PM.png,4,BN-QJ135_debate_M_20161019224815.jpg,0.5176,
119,Screenshot 2026-07-30 at 11.26.12 PM.png,5,TrumpClintonGettyImages.jpg,0.5144,
119,Screenshot 2026-07-30 at 11.26.12 PM.png,6,Hillary_Clinton_official_Secretary_of_State_portrait_crop.jpg,0.5129,
119,Screenshot 2026-07-30 at 11.26.12 PM.png,7,President-of-China-Xi-Jinping.jpeg,0.5106,
119,Screenshot 2026-07-30 at 11.26.12 PM.png,8,BN-CU905_ObamaG_FR_20140515164201.jpg,0.5081,
119,Screenshot 2026-07-30 at 11.26.12 PM.png,9,GettyImages-2208183148-1024x700.jpg,0.5076,
119,Screenshot 2026-07-30 at 11.26.12 PM.png,10,7.2-Margaret-Thatcher.jpg,0.5016,
120,Screenshot 2026-07-31 at 10.42.41 PM.png,1,GettyImages-8727806941-e1521676525104-1024x637.jpg,0.8684,
120,Screenshot 2026-07-31 at 10.42.41 PM.png,2,TRUMP-XI-MEETING-TRADE-GettyImages-2244085159.jpeg,0.7575,
120,Screenshot 2026-07-31 at 10.42.41 PM.png,3,2026-07-27T171950Z_1848935881_RC2HMMA1HQJN_RTRMADP_3_USA-TRUMP-1024x689.jpg,0.7549,
120,Screenshot 2026-07-31 at 10.42.41 PM.png,4,b33d83cf315cd3c8d91485188a200399.jpeg,0.754,
120,Screenshot 2026-07-31 at 10.42.41 PM.png,5,2565.jpeg,0.7538,
120,Screenshot 2026-07-31 at 10.42.41 PM.png,6,GettyImages-2208183148-1024x700.jpg,0.7531,
120,Screenshot 2026-07-31 at 10.42.41 PM.png,7,webp.jpeg,0.7483,
120,Screenshot 2026-07-31 at 10.42.41 PM.png,8,trump-obamacare-refunds.jpg,0.7454,
120,Screenshot 2026-07-31 at 10.42.41 PM.png,9,2023-09-30T051708Z_985728_RC2PI3A53UNF_RTRMADP_3_CHINA-ANNIVERSARY-2-1.webp,0.743,
120,Screenshot 2026-07-31 at 10.42.41 PM.png,10,2026-09-04T212427Z_1529783300_RC2LCNADG7IF_RTRMADP_3_USA-TRUMP-1024x683.jpg,0.7424,
121,Screenshot 2026-07-31 at 10.57.41 PM.png,1,Stalin_in_July_1941-scaled.jpg,0.6925,
121,Screenshot 2026-07-31 at 10.57.41 PM.png,2,"71-DuJMBshL._AC_UF1000,1000_QL80_.jpg",0.6835,
121,Screenshot 2026-07-31 at 10.57.41 PM.png,3,sized-170983061.jpeg,0.6817,
121,Screenshot 2026-07-31 at 10.57.41 PM.png,4,images copy.jpg,0.6695,
121,Screenshot 2026-07-31 at 10.57.41 PM.png,5,images-3 copy.jpg,0.6685,
121,Screenshot 2026-07-31 at 10.57.41 PM.png,6,Joseph-Stalin-1950.jpeg,0.6646,
121,Screenshot 2026-07-31 at 10.57.41 PM.png,7,images-2 copy.jpg,0.6608,
121,Screenshot 2026-07-31 at 10.57.41 PM.png,8,Screenshot 2026-09-13 at 2.38.07 PM.png,0.6578,
121,Screenshot 2026-07-31 at 10.57.41 PM.png,9,NPG-78T0884A_1.jpg,0.6571,
121,Screenshot 2026-07-31 at 10.57.41 PM.png,10,Vladimir_Lenin.jpeg,0.6503,
122,Screenshot 2026-07-31 at 10.58.16 PM.png,1,Screenshot 2026-09-13 at 2.38.30 PM.png,0.5795,
122,Screenshot 2026-07-31 at 10.58.16 PM.png,2,Screenshot 2026-09-13 at 2.42.39 PM.png,0.5398,
122,Screenshot 2026-07-31 at 10.58.16 PM.png,3,Screenshot 2026-09-13 at 2.42.27 PM.png,0.5381,
122,Screenshot 2026-07-31 at 10.58.16 PM.png,4,Screenshot 2026-09-13 at 2.40.19 PM.png,0.5241,
122,Screenshot 2026-07-31 at 10.58.16 PM.png,5,Screenshot 2026-09-13 at 2.38.07 PM.png,0.5237,
122,Screenshot 2026-07-31 at 10.58.16 PM.png,6,Screenshot 2026-09-13 at 2.44.13 PM.png,0.5205,
122,Screenshot 2026-07-31 at 10.58.16 PM.png,7,900_Row-One-Brand_1964-coke-ad-remix-final-row-1.jpg,0.5203,
122,Screenshot 2026-07-31 at 10.58.16 PM.png,8,Screenshot 2026-09-13 at 2.38.42 PM.png,0.5173,
122,Screenshot 2026-07-31 at 10.58.16 PM.png,9,Screenshot 2026-09-13 at 2.45.07 PM.png,0.512,
122,Screenshot 2026-07-31 at 10.58.16 PM.png,10,Screenshot 2026-09-13 at 2.39.29 PM.png,0.5095,
123,Screenshot 2026-07-31 at 10.58.35 PM.png,1,Screenshot 2026-07-30 at 11.26.00 PM.png,0.6749,
123,Screenshot 2026-07-31 at 10.58.35 PM.png,2,"Raising_the_Flag_on_Iwo_Jima,_larger_-_edit1.jpg",0.6656,
123,Screenshot 2026-07-31 at 10.58.35 PM.png,3,Stalin_in_July_1941-scaled.jpg,0.6619,
123,Screenshot 2026-07-31 at 10.58.35 PM.png,4,zunzun no.2  dia de las far castro.jpg,0.6616,
123,Screenshot 2026-07-31 at 10.58.35 PM.png,5,150826233935-ww2-china-8-exlarge-169-5355409.jpg,0.6611,
123,Screenshot 2026-07-31 at 10.58.35 PM.png,6,Joseph-Stalin-1950.jpeg,0.6559,
123,Screenshot 2026-07-31 at 10.58.35 PM.png,7,"71-DuJMBshL._AC_UF1000,1000_QL80_.jpg",0.6519,
123,Screenshot 2026-07-31 at 10.58.35 PM.png,8,GrIbt2WXgAArYDk.jpg,0.6514,
123,Screenshot 2026-07-31 at 10.58.35 PM.png,9,Mark_I_series_tank.jpg,0.6507,
123,Screenshot 2026-07-31 at 10.58.35 PM.png,10,images copy.jpg,0.6506,
124,Screenshot 2026-07-31 at 11.27.54 PM.png,1,best-movie-posters-of-all-time-v0-w3jkbptktk6g1.jpeg,0.704,
124,Screenshot 2026-07-31 at 11.27.54 PM.png,2,Stalin_in_July_1941-scaled.jpg,0.6743,
124,Screenshot 2026-07-31 at 11.27.54 PM.png,3,"71-DuJMBshL._AC_UF1000,1000_QL80_.jpg",0.6737,
124,Screenshot 2026-07-31 at 11.27.54 PM.png,4,Screenshot 2026-07-30 at 11.26.00 PM.png,0.6566,
124,Screenshot 2026-07-31 at 11.27.54 PM.png,5,zunzun no.2  dia de las far castro.jpg,0.6511,
124,Screenshot 2026-07-31 at 11.27.54 PM.png,6,sized-170983061.jpeg,0.6491,
124,Screenshot 2026-07-31 at 11.27.54 PM.png,7,Che_Guevara_-_Guerrillero_Heroico_by_Alberto_Korda.jpg,0.6473,
124,Screenshot 2026-07-31 at 11.27.54 PM.png,8,693.jpg,0.6422,
124,Screenshot 2026-07-31 at 11.27.54 PM.png,9,images-3 copy.jpg,0.642,
124,Screenshot 2026-07-31 at 11.27.54 PM.png,10,Screenshot 2026-09-13 at 2.38.07 PM.png,0.6411,
125,Screenshot 2026-07-31 at 11.28.11 PM.png,1,Merry_Old_Santa_Claus_by_Thomas_Nast.jpg,0.6206,
125,Screenshot 2026-07-31 at 11.28.11 PM.png,2,Little_Red_Riding_Hood_-_J._W._Smith.jpg,0.6138,
125,Screenshot 2026-07-31 at 11.28.11 PM.png,3,Screenshot 2026-09-13 at 2.42.27 PM.png,0.6135,
125,Screenshot 2026-07-31 at 11.28.11 PM.png,4,NPG-78T0884A_1.jpg,0.6073,
125,Screenshot 2026-07-31 at 11.28.11 PM.png,5,Screenshot 2026-09-13 at 2.42.13 PM.png,0.5981,
125,Screenshot 2026-07-31 at 11.28.11 PM.png,6,Screenshot 2026-09-13 at 2.40.19 PM.png,0.5966,
125,Screenshot 2026-07-31 at 11.28.11 PM.png,7,"71-DuJMBshL._AC_UF1000,1000_QL80_.jpg",0.5869,
125,Screenshot 2026-07-31 at 11.28.11 PM.png,8,900_Boy Scouts Jamboree.jpg,0.5855,
125,Screenshot 2026-07-31 at 11.28.11 PM.png,9,zunzun no.2  dia de las far castro.jpg,0.5848,
125,Screenshot 2026-07-31 at 11.28.11 PM.png,10,images-3 copy.jpg,0.5844,
126,ServiceOnTheHomeFrontPA.jpg,1,900_Boy Scouts Jamboree.jpg,0.7353,
126,ServiceOnTheHomeFrontPA.jpg,2,Polyester-American-flag-closeup-angle_6647de24-6210-4bb8-a86f-2b0c5923c020.jpeg,0.6686,
126,ServiceOnTheHomeFrontPA.jpg,3,Franklin-D-Roosevelt-1937.jpeg,0.6635,
126,ServiceOnTheHomeFrontPA.jpg,4,"Raising_the_Flag_on_Iwo_Jima,_larger_-_edit1.jpg",0.6599,
126,ServiceOnTheHomeFrontPA.jpg,5,Registry-of-the-American-Soldier.png,0.6445,
126,ServiceOnTheHomeFrontPA.jpg,6,"Worker and supervisor at a car factory, Moscow, 1954.jpg",0.6379,
126,ServiceOnTheHomeFrontPA.jpg,7,John-F-Kennedy.jpeg,0.6333,
126,ServiceOnTheHomeFrontPA.jpg,8,images-1 copy 5.jpg,0.6329,
126,ServiceOnTheHomeFrontPA.jpg,9,900_Row-One-Brand_1964-coke-ad-remix-final-row-1.jpg,0.6328,
126,ServiceOnTheHomeFrontPA.jpg,10,RIAN_archive_633872_Workers_of_Soligorsk_potash_plant.jpg,0.6313,
127,Spectators_in_front_of_a_large_sign_on_Nixon's_motorcade_route_in_China._-_NARA_-_194413.tif.jpg,1,693.jpg,0.7638,
127,Spectators_in_front_of_a_large_sign_on_Nixon's_motorcade_route_in_China._-_NARA_-_194413.tif.jpg,2,Mao-Zedong.jpeg,0.753,
127,Spectators_in_front_of_a_large_sign_on_Nixon's_motorcade_route_in_China._-_NARA_-_194413.tif.jpg,3,1967-10_1967年毛泽东与林彪.jpg,0.7518,
127,Spectators_in_front_of_a_large_sign_on_Nixon's_motorcade_route_in_China._-_NARA_-_194413.tif.jpg,4,China-Deng-Xiao-ping-005-1.jpg,0.7467,
127,Spectators_in_front_of_a_large_sign_on_Nixon's_motorcade_route_in_China._-_NARA_-_194413.tif.jpg,5,"Mao_Tsé-toung,_portrait_en_buste,_assis,_faisant_face_à_Nikita_Khrouchtchev,_pendant_la_visite_du_chef_russe_1958_à_Pékin_(Mao_Zedong).jpg",0.7273,
127,Spectators_in_front_of_a_large_sign_on_Nixon's_motorcade_route_in_China._-_NARA_-_194413.tif.jpg,6,GrIbt2WXgAArYDk.jpg,0.7271,
127,Spectators_in_front_of_a_large_sign_on_Nixon's_motorcade_route_in_China._-_NARA_-_194413.tif.jpg,7,23macfarquharWeb-superJumbo.jpg,0.7267,
127,Spectators_in_front_of_a_large_sign_on_Nixon's_motorcade_route_in_China._-_NARA_-_194413.tif.jpg,8,Mao-Zedong-1965.jpeg,0.7248,
127,Spectators_in_front_of_a_large_sign_on_Nixon's_motorcade_route_in_China._-_NARA_-_194413.tif.jpg,9,2023-09-30T051708Z_985728_RC2PI3A53UNF_RTRMADP_3_CHINA-ANNIVERSARY-2-1.webp,0.7215,
127,Spectators_in_front_of_a_large_sign_on_Nixon's_motorcade_route_in_China._-_NARA_-_194413.tif.jpg,10,S1-LZ040_CDIARI_G_20210913165051.jpg,0.7155,
128,Statue_of_Deng_Xiaoping_in_Lianhuashan_Park_Shenzen_China_1310759.jpg,1,23macfarquharWeb-superJumbo.jpg,0.7296,
128,Statue_of_Deng_Xiaoping_in_Lianhuashan_Park_Shenzen_China_1310759.jpg,2,Mao-Zedong-1965.jpeg,0.7212,
128,Statue_of_Deng_Xiaoping_in_Lianhuashan_Park_Shenzen_China_1310759.jpg,3,2023-09-30T051708Z_985728_RC2PI3A53UNF_RTRMADP_3_CHINA-ANNIVERSARY-2-1.webp,0.7186,
128,Statue_of_Deng_Xiaoping_in_Lianhuashan_Park_Shenzen_China_1310759.jpg,4,President-of-China-Xi-Jinping.jpeg,0.7157,
128,Statue_of_Deng_Xiaoping_in_Lianhuashan_Park_Shenzen_China_1310759.jpg,5,1967-10_1967年毛泽东与林彪.jpg,0.7123,
128,Statue_of_Deng_Xiaoping_in_Lianhuashan_Park_Shenzen_China_1310759.jpg,6,"Mao_Tsé-toung,_portrait_en_buste,_assis,_faisant_face_à_Nikita_Khrouchtchev,_pendant_la_visite_du_chef_russe_1958_à_Pékin_(Mao_Zedong).jpg",0.7084,
128,Statue_of_Deng_Xiaoping_in_Lianhuashan_Park_Shenzen_China_1310759.jpg,7,Mao-Zedong.jpeg,0.7084,
128,Statue_of_Deng_Xiaoping_in_Lianhuashan_Park_Shenzen_China_1310759.jpg,8,693.jpg,0.705,
128,Statue_of_Deng_Xiaoping_in_Lianhuashan_Park_Shenzen_China_1310759.jpg,9,560868.jpg,0.7045,
128,Statue_of_Deng_Xiaoping_in_Lianhuashan_Park_Shenzen_China_1310759.jpg,10,China-Deng-Xiao-ping-005-1.jpg,0.7018,
129,Tank_Man_(Tiananmen_Square_protester).jpg,1,Screenshot 2026-07-30 at 11.26.00 PM.png,0.7129,
129,Tank_Man_(Tiananmen_Square_protester).jpg,2,693.jpg,0.6968,
129,Tank_Man_(Tiananmen_Square_protester).jpg,3,jfk-assassination.jpeg,0.6951,
129,Tank_Man_(Tiananmen_Square_protester).jpg,4,"Mao_Tsé-toung,_portrait_en_buste,_assis,_faisant_face_à_Nikita_Khrouchtchev,_pendant_la_visite_du_chef_russe_1958_à_Pékin_(Mao_Zedong).jpg",0.6731,
129,Tank_Man_(Tiananmen_Square_protester).jpg,5,Mao-Zedong-1965.jpeg,0.6688,
129,Tank_Man_(Tiananmen_Square_protester).jpg,6,S1-LZ040_CDIARI_G_20210913165051.jpg,0.6582,
129,Tank_Man_(Tiananmen_Square_protester).jpg,7,MV5BNWU5ZTg3NDYtYzM1MC00YWMzLWEyYTktNGEyZTgyYjlmMDExXkEyXkFqcGc@._V1_.jpg,0.6567,
129,Tank_Man_(Tiananmen_Square_protester).jpg,8,Che_Guevara_-_Guerrillero_Heroico_by_Alberto_Korda.jpg,0.6515,
129,Tank_Man_(Tiananmen_Square_protester).jpg,9,Stalin_in_July_1941-scaled.jpg,0.6513,
129,Tank_Man_(Tiananmen_Square_protester).jpg,10,23macfarquharWeb-superJumbo.jpg,0.6481,
130,The_Fighting_Filipinos_-_NARA_-_534127.jpg,1,900_Boy Scouts Jamboree.jpg,0.7002,
130,The_Fighting_Filipinos_-_NARA_-_534127.jpg,2,GrIbt2WXgAArYDk.jpg,0.6702,
130,The_Fighting_Filipinos_-_NARA_-_534127.jpg,3,Stalin_in_July_1941-scaled.jpg,0.6631,
130,The_Fighting_Filipinos_-_NARA_-_534127.jpg,4,images copy.jpg,0.6571,
130,The_Fighting_Filipinos_-_NARA_-_534127.jpg,5,"Raising_the_Flag_on_Iwo_Jima,_larger_-_edit1.jpg",0.657,
130,The_Fighting_Filipinos_-_NARA_-_534127.jpg,6,zunzun no.2  dia de las far castro.jpg,0.6525,
130,The_Fighting_Filipinos_-_NARA_-_534127.jpg,7,Mao-Zedong-1965.jpeg,0.6515,
130,The_Fighting_Filipinos_-_NARA_-_534127.jpg,8,2827r.jpg,0.6511,
130,The_Fighting_Filipinos_-_NARA_-_534127.jpg,9,150826233935-ww2-china-8-exlarge-169-5355409.jpg,0.6416,
130,The_Fighting_Filipinos_-_NARA_-_534127.jpg,10,Franklin-D-Roosevelt-1937.jpeg,0.6361,
131,Tojo_oil_rationing_manga_april_1943.jpg,1,Stalin_in_July_1941-scaled.jpg,0.6337,
131,Tojo_oil_rationing_manga_april_1943.jpg,2,images-3 copy.jpg,0.6205,
131,Tojo_oil_rationing_manga_april_1943.jpg,3,sized-170983061.jpeg,0.6201,
131,Tojo_oil_rationing_manga_april_1943.jpg,4,images copy.jpg,0.6132,
131,Tojo_oil_rationing_manga_april_1943.jpg,5,Joseph-Stalin-1950.jpeg,0.6115,
131,Tojo_oil_rationing_manga_april_1943.jpg,6,"71-DuJMBshL._AC_UF1000,1000_QL80_.jpg",0.6107,
131,Tojo_oil_rationing_manga_april_1943.jpg,7,images-2 copy.jpg,0.602,
131,Tojo_oil_rationing_manga_april_1943.jpg,8,"Mao_Tsé-toung,_portrait_en_buste,_assis,_faisant_face_à_Nikita_Khrouchtchev,_pendant_la_visite_du_chef_russe_1958_à_Pékin_(Mao_Zedong).jpg",0.6017,
131,Tojo_oil_rationing_manga_april_1943.jpg,9,SamuraiArmor-Feat.jpg,0.5989,
131,Tojo_oil_rationing_manga_april_1943.jpg,10,il_fullxfull.2946516750_ao6g.jpeg,0.5984,
132,Tsarstvo_kanchukiv.jpg,1,Screenshot 2026-07-30 at 11.26.00 PM.png,0.6813,
132,Tsarstvo_kanchukiv.jpg,2,NPG-78T0884A_1.jpg,0.6739,
132,Tsarstvo_kanchukiv.jpg,3,"71-DuJMBshL._AC_UF1000,1000_QL80_.jpg",0.6682,
132,Tsarstvo_kanchukiv.jpg,4,best-movie-posters-of-all-time-v0-w3jkbptktk6g1.jpeg,0.6679,
132,Tsarstvo_kanchukiv.jpg,5,Screenshot 2026-09-13 at 2.38.07 PM.png,0.6627,
132,Tsarstvo_kanchukiv.jpg,6,Stalin_in_July_1941-scaled.jpg,0.6617,
132,Tsarstvo_kanchukiv.jpg,7,GrIbt2WXgAArYDk.jpg,0.6575,
132,Tsarstvo_kanchukiv.jpg,8,images-3 copy.jpg,0.6545,
132,Tsarstvo_kanchukiv.jpg,9,Joseph-Stalin-1950.jpeg,0.6511,
132,Tsarstvo_kanchukiv.jpg,10,Vladimir_Lenin.jpeg,0.6374,
133,U.S._Army_WW2_anti-Japanese_propaganda_poster_No._148.png,1,900_Boy Scouts Jamboree.jpg,0.6723,
133,U.S._Army_WW2_anti-Japanese_propaganda_poster_No._148.png,2,images copy.jpg,0.6619,
133,U.S._Army_WW2_anti-Japanese_propaganda_poster_No._148.png,3,GrIbt2WXgAArYDk.jpg,0.6563,
133,U.S._Army_WW2_anti-Japanese_propaganda_poster_No._148.png,4,Seven-Samurai.jpg,0.6437,
133,U.S._Army_WW2_anti-Japanese_propaganda_poster_No._148.png,5,"Raising_the_Flag_on_Iwo_Jima,_larger_-_edit1.jpg",0.637,
133,U.S._Army_WW2_anti-Japanese_propaganda_poster_No._148.png,6,SamuraiArmor-Feat.jpg,0.6334,
133,U.S._Army_WW2_anti-Japanese_propaganda_poster_No._148.png,7,gettyimages-1061707698.jpeg,0.6333,
133,U.S._Army_WW2_anti-Japanese_propaganda_poster_No._148.png,8,150826233935-ww2-china-8-exlarge-169-5355409.jpg,0.6279,
133,U.S._Army_WW2_anti-Japanese_propaganda_poster_No._148.png,9,Stalin_in_July_1941-scaled.jpg,0.6262,
133,U.S._Army_WW2_anti-Japanese_propaganda_poster_No._148.png,10,Mao-Zedong-1965.jpeg,0.6227,
134,UNCLE_SAM_-_BUY_WAR_BONDS_(window_card).jpg,1,900_Boy Scouts Jamboree.jpg,0.7804,
134,UNCLE_SAM_-_BUY_WAR_BONDS_(window_card).jpg,2,"Raising_the_Flag_on_Iwo_Jima,_larger_-_edit1.jpg",0.7574,
134,UNCLE_SAM_-_BUY_WAR_BONDS_(window_card).jpg,3,Polyester-American-flag-closeup-angle_6647de24-6210-4bb8-a86f-2b0c5923c020.jpeg,0.7404,
134,UNCLE_SAM_-_BUY_WAR_BONDS_(window_card).jpg,4,Registry-of-the-American-Soldier.png,0.6865,
134,UNCLE_SAM_-_BUY_WAR_BONDS_(window_card).jpg,5,Stalin_in_July_1941-scaled.jpg,0.6829,
134,UNCLE_SAM_-_BUY_WAR_BONDS_(window_card).jpg,6,Franklin-D-Roosevelt-1937.jpeg,0.6803,
134,UNCLE_SAM_-_BUY_WAR_BONDS_(window_card).jpg,7,John-F-Kennedy.jpeg,0.6748,
134,UNCLE_SAM_-_BUY_WAR_BONDS_(window_card).jpg,8,"71-DuJMBshL._AC_UF1000,1000_QL80_.jpg",0.6731,
134,UNCLE_SAM_-_BUY_WAR_BONDS_(window_card).jpg,9,images-1 copy 5.jpg,0.6657,
134,UNCLE_SAM_-_BUY_WAR_BONDS_(window_card).jpg,10,Joseph-Stalin-1950.jpeg,0.6649,
135,UNITED_WE_WIN_-_NARA_-_513820.jpg,1,Polyester-American-flag-closeup-angle_6647de24-6210-4bb8-a86f-2b0c5923c020.jpeg,0.7107,
135,UNITED_WE_WIN_-_NARA_-_513820.jpg,2,900_Boy Scouts Jamboree.jpg,0.6957,
135,UNITED_WE_WIN_-_NARA_-_513820.jpg,3,"Raising_the_Flag_on_Iwo_Jima,_larger_-_edit1.jpg",0.6815,
135,UNITED_WE_WIN_-_NARA_-_513820.jpg,4,Franklin-D-Roosevelt-1937.jpeg,0.6797,
135,UNITED_WE_WIN_-_NARA_-_513820.jpg,5,"Worker and supervisor at a car factory, Moscow, 1954.jpg",0.6608,
135,UNITED_WE_WIN_-_NARA_-_513820.jpg,6,John-F-Kennedy.jpeg,0.6602,
135,UNITED_WE_WIN_-_NARA_-_513820.jpg,7,gettyimages-872442016.jpeg,0.6531,
135,UNITED_WE_WIN_-_NARA_-_513820.jpg,8,vintage-female-mechanic-stockcake.jpg,0.6465,
135,UNITED_WE_WIN_-_NARA_-_513820.jpg,9,Stalin_in_July_1941-scaled.jpg,0.6449,
135,UNITED_WE_WIN_-_NARA_-_513820.jpg,10,Richard-M-Nixon-1969.jpeg,0.6415,
136,Victory-garden.jpg,1,900_Boy Scouts Jamboree.jpg,0.6837,
136,Victory-garden.jpg,2,900_Row-One-Brand_1964-coke-ad-remix-final-row-1.jpg,0.6542,
136,Victory-garden.jpg,3,Large-crowd-of-people-014.jpg,0.6305,
136,Victory-garden.jpg,4,Stalin_in_July_1941-scaled.jpg,0.6298,
136,Victory-garden.jpg,5,"71-DuJMBshL._AC_UF1000,1000_QL80_.jpg",0.629,
136,Victory-garden.jpg,6,Franklin-D-Roosevelt-1937.jpeg,0.6279,
136,Victory-garden.jpg,7,crowd-people-walking-crowded-street-footage-098377624_iconl.jpeg,0.6278,
136,Victory-garden.jpg,8,photo-1506755594592-349d12a7c52a.jpeg,0.6208,
136,Victory-garden.jpg,9,timon-studler-ABGaVhJxwDQ-unsplash_b99ec30b-edbe-4152-9619-95beb998dd4a-prv.jpg,0.6186,
136,Victory-garden.jpg,10,youre-right-in-liking-meat-american-magazine-ad-by-the-v0-59n9iwq4jooa1.jpeg,0.615,
137,WL1506_500x500_acf_cropped-500x500.jpg,1,NPG-78T0884A_1.jpg,0.6862,
137,WL1506_500x500_acf_cropped-500x500.jpg,2,s-l1200-4.jpg,0.6806,
137,WL1506_500x500_acf_cropped-500x500.jpg,3,Stalin_in_July_1941-scaled.jpg,0.6366,
137,WL1506_500x500_acf_cropped-500x500.jpg,4,"71-DuJMBshL._AC_UF1000,1000_QL80_.jpg",0.6328,
137,WL1506_500x500_acf_cropped-500x500.jpg,5,Joseph-Stalin-1950.jpeg,0.6283,
137,WL1506_500x500_acf_cropped-500x500.jpg,6,images-3 copy.jpg,0.624,
137,WL1506_500x500_acf_cropped-500x500.jpg,7,262788.jpg,0.605,
137,WL1506_500x500_acf_cropped-500x500.jpg,8,sized-170983061.jpeg,0.602,
137,WL1506_500x500_acf_cropped-500x500.jpg,9,Screenshot 2026-09-13 at 2.38.07 PM.png,0.5963,
137,WL1506_500x500_acf_cropped-500x500.jpg,10,Screenshot 2026-09-13 at 2.42.13 PM.png,0.5873,
138,War_Bonds_Will_Keep_Him_Punching_-_NARA_-_534016.jpg,1,900_Boy Scouts Jamboree.jpg,0.6243,
138,War_Bonds_Will_Keep_Him_Punching_-_NARA_-_534016.jpg,2,Franklin-D-Roosevelt-1937.jpeg,0.6083,
138,War_Bonds_Will_Keep_Him_Punching_-_NARA_-_534016.jpg,3,SamuraiArmor-Feat.jpg,0.6029,
138,War_Bonds_Will_Keep_Him_Punching_-_NARA_-_534016.jpg,4,150826232822-ww2-china-4.jpg,0.5872,
138,War_Bonds_Will_Keep_Him_Punching_-_NARA_-_534016.jpg,5,"Raising_the_Flag_on_Iwo_Jima,_larger_-_edit1.jpg",0.5868,
138,War_Bonds_Will_Keep_Him_Punching_-_NARA_-_534016.jpg,6,images-3 copy.jpg,0.5829,
138,War_Bonds_Will_Keep_Him_Punching_-_NARA_-_534016.jpg,7,GrIbt2WXgAArYDk.jpg,0.5827,
138,War_Bonds_Will_Keep_Him_Punching_-_NARA_-_534016.jpg,8,NPG-78T0884A_1.jpg,0.5768,
138,War_Bonds_Will_Keep_Him_Punching_-_NARA_-_534016.jpg,9,Screenshot 2026-09-13 at 2.38.07 PM.png,0.5723,
138,War_Bonds_Will_Keep_Him_Punching_-_NARA_-_534016.jpg,10,Pres-Richard-Nixon-Deng-Xiaoping-Jimmy-Carter-Jan-29-1979.jpeg,0.5707,
139,We_Can_Do_It!_NARA_535413_-_Restoration_2.jpg,1,Polyester-American-flag-closeup-angle_6647de24-6210-4bb8-a86f-2b0c5923c020.jpeg,0.759,
139,We_Can_Do_It!_NARA_535413_-_Restoration_2.jpg,2,Le_Penseur_by_Rodin_(Kunsthalle_Bielefeld)_2014-04-10.JPG,0.739,
139,We_Can_Do_It!_NARA_535413_-_Restoration_2.jpg,3,pointing-finger-forward-stockcake.jpg,0.7202,
139,We_Can_Do_It!_NARA_535413_-_Restoration_2.jpg,4,Large-crowd-of-people-014.jpg,0.7195,
139,We_Can_Do_It!_NARA_535413_-_Restoration_2.jpg,5,2827r.jpg,0.7176,
139,We_Can_Do_It!_NARA_535413_-_Restoration_2.jpg,6,President_Barack_Obama.jpg,0.7173,
139,We_Can_Do_It!_NARA_535413_-_Restoration_2.jpg,7,Stalin_in_July_1941-scaled.jpg,0.7143,
139,We_Can_Do_It!_NARA_535413_-_Restoration_2.jpg,8,7.2-Margaret-Thatcher.jpg,0.7141,
139,We_Can_Do_It!_NARA_535413_-_Restoration_2.jpg,9,db12166e-abdc-4a7c-b7c0-067d2ea2572a.jpeg,0.7139,
139,We_Can_Do_It!_NARA_535413_-_Restoration_2.jpg,10,images-2 copy.jpg,0.7092,
140,We_Can_Do_It__qhtlbj.jpeg,1,Polyester-American-flag-closeup-angle_6647de24-6210-4bb8-a86f-2b0c5923c020.jpeg,0.7655,
140,We_Can_Do_It__qhtlbj.jpeg,2,Le_Penseur_by_Rodin_(Kunsthalle_Bielefeld)_2014-04-10.JPG,0.7391,
140,We_Can_Do_It__qhtlbj.jpeg,3,pointing-finger-forward-stockcake.jpg,0.7359,
140,We_Can_Do_It__qhtlbj.jpeg,4,Large-crowd-of-people-014.jpg,0.7356,
140,We_Can_Do_It__qhtlbj.jpeg,5,photo-1506755594592-349d12a7c52a.jpeg,0.733,
140,We_Can_Do_It__qhtlbj.jpeg,6,db12166e-abdc-4a7c-b7c0-067d2ea2572a.jpeg,0.7312,
140,We_Can_Do_It__qhtlbj.jpeg,7,7.2-Margaret-Thatcher.jpg,0.7274,
140,We_Can_Do_It__qhtlbj.jpeg,8,2827r.jpg,0.7228,
140,We_Can_Do_It__qhtlbj.jpeg,9,President_Barack_Obama.jpg,0.7214,
140,We_Can_Do_It__qhtlbj.jpeg,10,Stalin_in_July_1941-scaled.jpg,0.7163,
141,Your_future_al-Zarqawi.jpg,1,Screenshot 2026-09-13 at 2.42.39 PM.png,0.5175,
141,Your_future_al-Zarqawi.jpg,2,Imam_Khomeini_in_Mehrabad.jpg,0.4974,
141,Your_future_al-Zarqawi.jpg,3,zunzun no.2  dia de las far castro.jpg,0.4876,
141,Your_future_al-Zarqawi.jpg,4,npr.brightspotcdn copy.jpg,0.4853,
141,Your_future_al-Zarqawi.jpg,5,rtr3xjay.jpg,0.4826,
141,Your_future_al-Zarqawi.jpg,6,BN-CU905_ObamaG_FR_20140515164201.jpg,0.4805,
141,Your_future_al-Zarqawi.jpg,7,Screenshot 2026-09-13 at 2.42.27 PM.png,0.4791,
141,Your_future_al-Zarqawi.jpg,8,il_fullxfull.2946516750_ao6g.jpeg,0.4766,
141,Your_future_al-Zarqawi.jpg,9,2023-09-30T051708Z_985728_RC2PI3A53UNF_RTRMADP_3_CHINA-ANNIVERSARY-2-1.webp,0.4741,
141,Your_future_al-Zarqawi.jpg,10,262788.jpg,0.4738,
142,_Books_are_weapons_in_the_war_of_ideas__-_NARA_-_513575_-_restored.jpg,1,db12166e-abdc-4a7c-b7c0-067d2ea2572a.jpeg,0.6274,
142,_Books_are_weapons_in_the_war_of_ideas__-_NARA_-_513575_-_restored.jpg,2,Screenshot 2026-09-13 at 2.42.13 PM.png,0.6148,
142,_Books_are_weapons_in_the_war_of_ideas__-_NARA_-_513575_-_restored.jpg,3,"71-DuJMBshL._AC_UF1000,1000_QL80_.jpg",0.6105,
142,_Books_are_weapons_in_the_war_of_ideas__-_NARA_-_513575_-_restored.jpg,4,Stalin_in_July_1941-scaled.jpg,0.6096,
142,_Books_are_weapons_in_the_war_of_ideas__-_NARA_-_513575_-_restored.jpg,5,images-3 copy.jpg,0.6024,
142,_Books_are_weapons_in_the_war_of_ideas__-_NARA_-_513575_-_restored.jpg,6,Screenshot 2026-09-13 at 2.38.07 PM.png,0.598,
142,_Books_are_weapons_in_the_war_of_ideas__-_NARA_-_513575_-_restored.jpg,7,Joseph-Stalin-1950.jpeg,0.5974,
142,_Books_are_weapons_in_the_war_of_ideas__-_NARA_-_513575_-_restored.jpg,8,s-l1200-4.jpg,0.5914,
142,_Books_are_weapons_in_the_war_of_ideas__-_NARA_-_513575_-_restored.jpg,9,900_Boy Scouts Jamboree.jpg,0.5885,
142,_Books_are_weapons_in_the_war_of_ideas__-_NARA_-_513575_-_restored.jpg,10,sized-170983061.jpeg,0.5881,
143,_DSC1598.jpg,1,Polyester-American-flag-closeup-angle_6647de24-6210-4bb8-a86f-2b0c5923c020.jpeg,0.689,
143,_DSC1598.jpg,2,"Raising_the_Flag_on_Iwo_Jima,_larger_-_edit1.jpg",0.6676,
143,_DSC1598.jpg,3,900_Boy Scouts Jamboree.jpg,0.6574,
143,_DSC1598.jpg,4,s-l1200-4.jpg,0.6228,
143,_DSC1598.jpg,5,BN-CU905_ObamaG_FR_20140515164201.jpg,0.6195,
143,_DSC1598.jpg,6,7492.png,0.6182,
143,_DSC1598.jpg,7,Registry-of-the-American-Soldier.png,0.6158,
143,_DSC1598.jpg,8,images.jpg,0.615,
143,_DSC1598.jpg,9,John-F-Kennedy.jpeg,0.6116,
143,_DSC1598.jpg,10,Stalin_in_July_1941-scaled.jpg,0.6088,
144,_WHAT_DO_YOU_SAY_AMERICA^_(Mussolini)__-_NARA_-_513821.jpg,1,Stalin_in_July_1941-scaled.jpg,0.8277,
144,_WHAT_DO_YOU_SAY_AMERICA^_(Mussolini)__-_NARA_-_513821.jpg,2,images-3 copy.jpg,0.8017,
144,_WHAT_DO_YOU_SAY_AMERICA^_(Mussolini)__-_NARA_-_513821.jpg,3,Joseph-Stalin-1950.jpeg,0.7844,
144,_WHAT_DO_YOU_SAY_AMERICA^_(Mussolini)__-_NARA_-_513821.jpg,4,sized-170983061.jpeg,0.7833,
144,_WHAT_DO_YOU_SAY_AMERICA^_(Mussolini)__-_NARA_-_513821.jpg,5,"71-DuJMBshL._AC_UF1000,1000_QL80_.jpg",0.7816,
144,_WHAT_DO_YOU_SAY_AMERICA^_(Mussolini)__-_NARA_-_513821.jpg,6,Mao-Zedong-1965.jpeg,0.7639,
144,_WHAT_DO_YOU_SAY_AMERICA^_(Mussolini)__-_NARA_-_513821.jpg,7,images-2 copy.jpg,0.7436,
144,_WHAT_DO_YOU_SAY_AMERICA^_(Mussolini)__-_NARA_-_513821.jpg,8,Che_Guevara_-_Guerrillero_Heroico_by_Alberto_Korda.jpg,0.7394,
144,_WHAT_DO_YOU_SAY_AMERICA^_(Mussolini)__-_NARA_-_513821.jpg,9,"Mao_Tsé-toung,_portrait_en_buste,_assis,_faisant_face_à_Nikita_Khrouchtchev,_pendant_la_visite_du_chef_russe_1958_à_Pékin_(Mao_Zedong).jpg",0.7372,
144,_WHAT_DO_YOU_SAY_AMERICA^_(Mussolini)__-_NARA_-_513821.jpg,10,MV5BNWU5ZTg3NDYtYzM1MC00YWMzLWEyYTktNGEyZTgyYjlmMDExXkEyXkFqcGc@._V1_.jpg,0.7331,
145,_WHAT_NAZIS_THINK_OF_GERMAN-AMERICANS__-_NARA_-_513827.jpg,1,NPG-78T0884A_1.jpg,0.6524,
145,_WHAT_NAZIS_THINK_OF_GERMAN-AMERICANS__-_NARA_-_513827.jpg,2,900_Boy Scouts Jamboree.jpg,0.6281,
145,_WHAT_NAZIS_THINK_OF_GERMAN-AMERICANS__-_NARA_-_513827.jpg,3,s-l1200-4.jpg,0.6118,
145,_WHAT_NAZIS_THINK_OF_GERMAN-AMERICANS__-_NARA_-_513827.jpg,4,Screenshot 2026-09-13 at 2.38.07 PM.png,0.6068,
145,_WHAT_NAZIS_THINK_OF_GERMAN-AMERICANS__-_NARA_-_513827.jpg,5,"71-DuJMBshL._AC_UF1000,1000_QL80_.jpg",0.6055,
145,_WHAT_NAZIS_THINK_OF_GERMAN-AMERICANS__-_NARA_-_513827.jpg,6,693.jpg,0.6013,
145,_WHAT_NAZIS_THINK_OF_GERMAN-AMERICANS__-_NARA_-_513827.jpg,7,Joseph-Stalin-1950.jpeg,0.6011,
145,_WHAT_NAZIS_THINK_OF_GERMAN-AMERICANS__-_NARA_-_513827.jpg,8,gettyimages-1061707698.jpeg,0.5985,
145,_WHAT_NAZIS_THINK_OF_GERMAN-AMERICANS__-_NARA_-_513827.jpg,9,Stalin_in_July_1941-scaled.jpg,0.5982,
145,_WHAT_NAZIS_THINK_OF_GERMAN-AMERICANS__-_NARA_-_513827.jpg,10,MV5BMTgwNzg3MDkxM15BMl5BanBnXkFtZTcwMzA2MDAxMw@@._V1_.jpg,0.5962,
146,acall_1080x.jpeg,1,900_Boy Scouts Jamboree.jpg,0.7243,
146,acall_1080x.jpeg,2,Mark_I_series_tank.jpg,0.6179,
146,acall_1080x.jpeg,3,1861-British-walking-and-sporting-costume.jpg,0.6135,
146,acall_1080x.jpeg,4,images-2 copy.jpg,0.6118,
146,acall_1080x.jpeg,5,Little_Red_Riding_Hood_-_J._W._Smith.jpg,0.6062,
146,acall_1080x.jpeg,6,Franklin-D-Roosevelt-1937.jpeg,0.5952,
146,acall_1080x.jpeg,7,2827r.jpg,0.5936,
146,acall_1080x.jpeg,8,Stalin_in_July_1941-scaled.jpg,0.5933,
146,acall_1080x.jpeg,9,Screenshot 2026-09-13 at 2.38.30 PM.png,0.5913,
146,acall_1080x.jpeg,10,Registry-of-the-American-Soldier.png,0.59,
147,agunforevery_1080x.jpeg,1,images copy.jpg,0.6525,
147,agunforevery_1080x.jpeg,2,Registry-of-the-American-Soldier.png,0.647,
147,agunforevery_1080x.jpeg,3,"Raising_the_Flag_on_Iwo_Jima,_larger_-_edit1.jpg",0.6413,
147,agunforevery_1080x.jpeg,4,900_Boy Scouts Jamboree.jpg,0.639,
147,agunforevery_1080x.jpeg,5,best-movie-posters-of-all-time-v0-32lofmtktk6g1.jpeg,0.6383,
147,agunforevery_1080x.jpeg,6,GrIbt2WXgAArYDk.jpg,0.6358,
147,agunforevery_1080x.jpeg,7,Merry_Old_Santa_Claus_by_Thomas_Nast.jpg,0.6353,
147,agunforevery_1080x.jpeg,8,230a53de-7d50-48dc-8f4e-ae56b37393c3.jpeg,0.6242,
147,agunforevery_1080x.jpeg,9,Screenshot 2026-09-13 at 2.38.07 PM.png,0.6209,
147,agunforevery_1080x.jpeg,10,Polyester-American-flag-closeup-angle_6647de24-6210-4bb8-a86f-2b0c5923c020.jpeg,0.6198,
148,antisov_1080x.jpeg,1,"71-DuJMBshL._AC_UF1000,1000_QL80_.jpg",0.7683,
148,antisov_1080x.jpeg,2,Stalin_in_July_1941-scaled.jpg,0.7632,
148,antisov_1080x.jpeg,3,images-3 copy.jpg,0.7557,
148,antisov_1080x.jpeg,4,images-2 copy.jpg,0.7427,
148,antisov_1080x.jpeg,5,Mao-Zedong-1965.jpeg,0.742,
148,antisov_1080x.jpeg,6,Joseph-Stalin-1950.jpeg,0.7385,
148,antisov_1080x.jpeg,7,sized-170983061.jpeg,0.7372,
148,antisov_1080x.jpeg,8,Vladimir_Lenin_a_colori_(cropped).jpg,0.737,
148,antisov_1080x.jpeg,9,"Mao_Tsé-toung,_portrait_en_buste,_assis,_faisant_face_à_Nikita_Khrouchtchev,_pendant_la_visite_du_chef_russe_1958_à_Pékin_(Mao_Zedong).jpg",0.7344,
148,antisov_1080x.jpeg,10,Che_Guevara_-_Guerrillero_Heroico_by_Alberto_Korda.jpg,0.7256,
149,australiansarise_1080x.jpeg,1,900_Boy Scouts Jamboree.jpg,0.6318,
149,australiansarise_1080x.jpeg,2,2827r.jpg,0.5991,
149,australiansarise_1080x.jpeg,3,Polyester-American-flag-closeup-angle_6647de24-6210-4bb8-a86f-2b0c5923c020.jpeg,0.5706,
149,australiansarise_1080x.jpeg,4,Stalin_in_July_1941-scaled.jpg,0.5642,
149,australiansarise_1080x.jpeg,5,NPG-78T0884A_1.jpg,0.5636,
149,australiansarise_1080x.jpeg,6,7492.png,0.5632,
149,australiansarise_1080x.jpeg,7,"71-DuJMBshL._AC_UF1000,1000_QL80_.jpg",0.5625,
149,australiansarise_1080x.jpeg,8,Franklin-D-Roosevelt-1937.jpeg,0.5591,
149,australiansarise_1080x.jpeg,9,images-1 copy 2.jpg,0.5579,
149,australiansarise_1080x.jpeg,10,images-3 copy.jpg,0.5555,
150,bdf390f0-d7ea-11ef-87df-d575b9a434a4.jpg,1,104009758-Elon_Musk.jpg,0.8998,
150,bdf390f0-d7ea-11ef-87df-d575b9a434a4.jpg,2,President_Barack_Obama.jpg,0.7289,
150,bdf390f0-d7ea-11ef-87df-d575b9a434a4.jpg,3,BN-CU905_ObamaG_FR_20140515164201.jpg,0.7219,
150,bdf390f0-d7ea-11ef-87df-d575b9a434a4.jpg,4,President-of-China-Xi-Jinping.jpeg,0.7078,
150,bdf390f0-d7ea-11ef-87df-d575b9a434a4.jpg,5,the-obamas-potus.jpg,0.7071,
150,bdf390f0-d7ea-11ef-87df-d575b9a434a4.jpg,6,_87498984_obamatearslarge.jpg,0.706,
150,bdf390f0-d7ea-11ef-87df-d575b9a434a4.jpg,7,Stalin_in_July_1941-scaled.jpg,0.7004,
150,bdf390f0-d7ea-11ef-87df-d575b9a434a4.jpg,8,GettyImages-2179699909-e1748616129354.jpeg,0.692,
150,bdf390f0-d7ea-11ef-87df-d575b9a434a4.jpg,9,"71-DuJMBshL._AC_UF1000,1000_QL80_.jpg",0.6918,
150,bdf390f0-d7ea-11ef-87df-d575b9a434a4.jpg,10,_126347570_gettyimages-1238182438.jpg,0.6878,
151,cgapeec3n2jh1.jpg,1,900_Boy Scouts Jamboree.jpg,0.613,
151,cgapeec3n2jh1.jpg,2,"Worker and supervisor at a car factory, Moscow, 1954.jpg",0.6095,
151,cgapeec3n2jh1.jpg,3,Stalin_in_July_1941-scaled.jpg,0.566,
151,cgapeec3n2jh1.jpg,4,Screenshot 2026-07-30 at 11.26.00 PM.png,0.5646,
151,cgapeec3n2jh1.jpg,5,"71-DuJMBshL._AC_UF1000,1000_QL80_.jpg",0.5611,
151,cgapeec3n2jh1.jpg,6,best-movie-posters-of-all-time-v0-w3jkbptktk6g1.jpeg,0.558,
151,cgapeec3n2jh1.jpg,7,sized-170983061.jpeg,0.5509,
151,cgapeec3n2jh1.jpg,8,images-3 copy.jpg,0.5457,
151,cgapeec3n2jh1.jpg,9,Joseph-Stalin-1950.jpeg,0.5449,
151,cgapeec3n2jh1.jpg,10,images-1 copy 2.jpg,0.5438,
152,ch1495b7qonh1.jpg,1,Screenshot 2026-09-13 at 2.38.07 PM.png,0.6181,
152,ch1495b7qonh1.jpg,2,best-movie-posters-of-all-time-v0-w3jkbptktk6g1.jpeg,0.5836,
152,ch1495b7qonh1.jpg,3,900_Boy Scouts Jamboree.jpg,0.5833,
152,ch1495b7qonh1.jpg,4,262788.jpg,0.5795,
152,ch1495b7qonh1.jpg,5,Screenshot 2026-09-13 at 2.42.13 PM.png,0.5767,
152,ch1495b7qonh1.jpg,6,best-movie-posters-of-all-time-v0-32lofmtktk6g1.jpeg,0.5753,
152,ch1495b7qonh1.jpg,7,best-movie-posters-of-all-time-v0-jjxf6ntktk6g1.jpeg,0.571,
152,ch1495b7qonh1.jpg,8,262786.jpg,0.566,
152,ch1495b7qonh1.jpg,9,il_fullxfull.2946516750_ao6g.jpeg,0.564,
152,ch1495b7qonh1.jpg,10,1861-British-walking-and-sporting-costume.jpg,0.5634,
153,change-over-to-a-victory-job-propaganda-poster-c-australian-war-memorial-web.jpg,1,900_Boy Scouts Jamboree.jpg,0.6878,
153,change-over-to-a-victory-job-propaganda-poster-c-australian-war-memorial-web.jpg,2,7.2-Margaret-Thatcher.jpg,0.6395,
153,change-over-to-a-victory-job-propaganda-poster-c-australian-war-memorial-web.jpg,3,900_Row-One-Brand_1964-coke-ad-remix-final-row-1.jpg,0.6393,
153,change-over-to-a-victory-job-propaganda-poster-c-australian-war-memorial-web.jpg,4,Stalin_in_July_1941-scaled.jpg,0.6368,
153,change-over-to-a-victory-job-propaganda-poster-c-australian-war-memorial-web.jpg,5,vintage-female-mechanic-stockcake.jpg,0.6337,
153,change-over-to-a-victory-job-propaganda-poster-c-australian-war-memorial-web.jpg,6,"Worker and supervisor at a car factory, Moscow, 1954.jpg",0.6304,
153,change-over-to-a-victory-job-propaganda-poster-c-australian-war-memorial-web.jpg,7,Franklin-D-Roosevelt-1937.jpeg,0.6297,
153,change-over-to-a-victory-job-propaganda-poster-c-australian-war-memorial-web.jpg,8,Polyester-American-flag-closeup-angle_6647de24-6210-4bb8-a86f-2b0c5923c020.jpeg,0.6206,
153,change-over-to-a-victory-job-propaganda-poster-c-australian-war-memorial-web.jpg,9,"Raising_the_Flag_on_Iwo_Jima,_larger_-_edit1.jpg",0.62,
153,change-over-to-a-victory-job-propaganda-poster-c-australian-war-memorial-web.jpg,10,images-2 copy.jpg,0.6162,
154,china-poster.jpg,1,GrIbt2WXgAArYDk.jpg,0.682,
154,china-poster.jpg,2,images copy.jpg,0.6781,
154,china-poster.jpg,3,Mao-Zedong-1965.jpeg,0.6635,
154,china-poster.jpg,4,693.jpg,0.6589,
154,china-poster.jpg,5,"Mao_Tsé-toung,_portrait_en_buste,_assis,_faisant_face_à_Nikita_Khrouchtchev,_pendant_la_visite_du_chef_russe_1958_à_Pékin_(Mao_Zedong).jpg",0.6537,
154,china-poster.jpg,6,mao-zedong-jiang-jieshi-histoire.jpeg,0.6503,
154,china-poster.jpg,7,1967-10_1967年毛泽东与林彪.jpg,0.6457,
154,china-poster.jpg,8,China-Deng-Xiao-ping-005-1.jpg,0.6449,
154,china-poster.jpg,9,images-3 copy.jpg,0.6423,
154,china-poster.jpg,10,S1-LZ040_CDIARI_G_20210913165051.jpg,0.6409,
155,china-war.jpg,1,GrIbt2WXgAArYDk.jpg,0.6843,
155,china-war.jpg,2,693.jpg,0.6753,
155,china-war.jpg,3,Mao-Zedong-1965.jpeg,0.67,
155,china-war.jpg,4,"Mao_Tsé-toung,_portrait_en_buste,_assis,_faisant_face_à_Nikita_Khrouchtchev,_pendant_la_visite_du_chef_russe_1958_à_Pékin_(Mao_Zedong).jpg",0.6599,
155,china-war.jpg,5,1967-10_1967年毛泽东与林彪.jpg,0.6558,
155,china-war.jpg,6,mao-zedong-jiang-jieshi-histoire.jpeg,0.6499,
155,china-war.jpg,7,150826233935-ww2-china-8-exlarge-169-5355409.jpg,0.645,
155,china-war.jpg,8,Mao-Zedong.jpeg,0.6436,
155,china-war.jpg,9,China-Deng-Xiao-ping-005-1.jpg,0.6428,
155,china-war.jpg,10,23macfarquharWeb-superJumbo.jpg,0.6422,
156,cjhmyyt7zcvd1.jpg,1,20090117_d-0104-4-477v.jpg,0.7791,
156,cjhmyyt7zcvd1.jpg,2,george-w-bush-thumbs-up-2022-ap-img.jpg,0.7417,
156,cjhmyyt7zcvd1.jpg,3,AP_96092701629.jpg,0.7267,
156,cjhmyyt7zcvd1.jpg,4,President_Barack_Obama.jpg,0.7241,
156,cjhmyyt7zcvd1.jpg,5,Bill-Clinton.jpeg,0.7208,
156,cjhmyyt7zcvd1.jpg,6,Hillary_Clinton_official_Secretary_of_State_portrait_crop.jpg,0.7031,
156,cjhmyyt7zcvd1.jpg,7,John-F-Kennedy.jpeg,0.7,
156,cjhmyyt7zcvd1.jpg,8,BN-CU905_ObamaG_FR_20140515164201.jpg,0.6754,
156,cjhmyyt7zcvd1.jpg,9,"Joe_Biden,_official_photo_portrait_2_(4x5_crop).jpg",0.6747,
156,cjhmyyt7zcvd1.jpg,10,los-angeles-california-nixon-press-conference-at-the-news-photo-1690823585.jpeg,0.6737,
157,cl7b5ky318401.jpg,1,900_Boy Scouts Jamboree.jpg,0.7212,
157,cl7b5ky318401.jpg,2,Franklin-D-Roosevelt-1937.jpeg,0.6823,
157,cl7b5ky318401.jpg,3,John-F-Kennedy.jpeg,0.679,
157,cl7b5ky318401.jpg,4,"71-DuJMBshL._AC_UF1000,1000_QL80_.jpg",0.6709,
157,cl7b5ky318401.jpg,5,Stalin_in_July_1941-scaled.jpg,0.6704,
157,cl7b5ky318401.jpg,6,gettyimages-872442016.jpeg,0.6691,
157,cl7b5ky318401.jpg,7,images-3 copy.jpg,0.662,
157,cl7b5ky318401.jpg,8,693.jpg,0.6611,
157,cl7b5ky318401.jpg,9,Joseph-Stalin-1950.jpeg,0.6609,
157,cl7b5ky318401.jpg,10,Richard-M-Nixon-1969.jpeg,0.6485,
158,ctuuhi98spmh1.jpg,1,Stalin_in_July_1941-scaled.jpg,0.6925,
158,ctuuhi98spmh1.jpg,2,900_Boy Scouts Jamboree.jpg,0.6758,
158,ctuuhi98spmh1.jpg,3,images-3 copy.jpg,0.6722,
158,ctuuhi98spmh1.jpg,4,NPG-78T0884A_1.jpg,0.6677,
158,ctuuhi98spmh1.jpg,5,sized-170983061.jpeg,0.6643,
158,ctuuhi98spmh1.jpg,6,"71-DuJMBshL._AC_UF1000,1000_QL80_.jpg",0.6631,
158,ctuuhi98spmh1.jpg,7,Joseph-Stalin-1950.jpeg,0.6568,
158,ctuuhi98spmh1.jpg,8,images-2 copy.jpg,0.6412,
158,ctuuhi98spmh1.jpg,9,Mao-Zedong-1965.jpeg,0.6342,
158,ctuuhi98spmh1.jpg,10,images copy.jpg,0.6242,
159,d.jpg,1,2026-09-04T212427Z_1529783300_RC2LCNADG7IF_RTRMADP_3_USA-TRUMP-1024x683.jpg,0.8172,
159,d.jpg,2,webp.jpeg,0.8133,
159,d.jpg,3,2565.jpeg,0.8116,
159,d.jpg,4,GettyImages-2208183148-1024x700.jpg,0.8091,
159,d.jpg,5,trump-obamacare-refunds.jpg,0.7968,
159,d.jpg,6,2026-07-27T171950Z_1848935881_RC2HMMA1HQJN_RTRMADP_3_USA-TRUMP-1024x689.jpg,0.795,
159,d.jpg,7,gettyimages-2287539432-20260725031213194.jpg,0.7887,
159,d.jpg,8,gettyimages-2294343025.jpg,0.7863,
159,d.jpg,9,TrumpClintonGettyImages.jpg,0.7734,
159,d.jpg,10,GettyImages-8727806941-e1521676525104-1024x637.jpg,0.7707,
160,ddpb4eo7avnh1.jpg,1,1967-10_1967年毛泽东与林彪.jpg,0.7215,
160,ddpb4eo7avnh1.jpg,2,693.jpg,0.7169,
160,ddpb4eo7avnh1.jpg,3,China-Deng-Xiao-ping-005-1.jpg,0.7077,
160,ddpb4eo7avnh1.jpg,4,mao-zedong-jiang-jieshi-histoire.jpeg,0.7012,
160,ddpb4eo7avnh1.jpg,5,Mao-Zedong.jpeg,0.6979,
160,ddpb4eo7avnh1.jpg,6,23macfarquharWeb-superJumbo.jpg,0.6949,
160,ddpb4eo7avnh1.jpg,7,images copy.jpg,0.6943,
160,ddpb4eo7avnh1.jpg,8,Mao-Zedong-1965.jpeg,0.6922,
160,ddpb4eo7avnh1.jpg,9,GrIbt2WXgAArYDk.jpg,0.6904,
160,ddpb4eo7avnh1.jpg,10,"Mao_Tsé-toung,_portrait_en_buste,_assis,_faisant_face_à_Nikita_Khrouchtchev,_pendant_la_visite_du_chef_russe_1958_à_Pékin_(Mao_Zedong).jpg",0.6896,
161,den028i36t7h1.jpg,1,Pres-Richard-Nixon-Deng-Xiaoping-Jimmy-Carter-Jan-29-1979.jpeg,0.6208,
161,den028i36t7h1.jpg,2,images copy.jpg,0.62,
161,den028i36t7h1.jpg,3,margaret-thatcher_500x500_gettyimages-108932085.jpeg,0.6022,
161,den028i36t7h1.jpg,4,7.2-Margaret-Thatcher.jpg,0.5987,
161,den028i36t7h1.jpg,5,rtr3xjay.jpg,0.5935,
161,den028i36t7h1.jpg,6,6f8fc600-c727-11ef-b843-adebdd7bb874.jpg,0.592,
161,den028i36t7h1.jpg,7,jfk-assassination.jpeg,0.59,
161,den028i36t7h1.jpg,8,693.jpg,0.5887,
161,den028i36t7h1.jpg,9,55f161bf-165a-4aa8-b22c-c66a3f9452b8_cx0_cy11_cw0_w1080_h608.jpeg,0.5884,
161,den028i36t7h1.jpg,10,file-20210607-8878-iyhex5.jpeg,0.582,
162,deng_1080x.jpeg,1,Mao-Zedong-1965.jpeg,0.8445,
162,deng_1080x.jpeg,2,S1-LZ040_CDIARI_G_20210913165051.jpg,0.813,
162,deng_1080x.jpeg,3,1967-10_1967年毛泽东与林彪.jpg,0.8087,
162,deng_1080x.jpeg,4,693.jpg,0.8045,
162,deng_1080x.jpeg,5,"Mao_Tsé-toung,_portrait_en_buste,_assis,_faisant_face_à_Nikita_Khrouchtchev,_pendant_la_visite_du_chef_russe_1958_à_Pékin_(Mao_Zedong).jpg",0.8013,
162,deng_1080x.jpeg,6,23macfarquharWeb-superJumbo.jpg,0.8003,
162,deng_1080x.jpeg,7,Mao-Zedong.jpeg,0.8003,
162,deng_1080x.jpeg,8,MV5BNWU5ZTg3NDYtYzM1MC00YWMzLWEyYTktNGEyZTgyYjlmMDExXkEyXkFqcGc@._V1_.jpg,0.7943,
162,deng_1080x.jpeg,9,China-Deng-Xiao-ping-005-1.jpg,0.7783,
162,deng_1080x.jpeg,10,mao_great_leap_forward_history_today_0.jpeg,0.7779,
163,e13-781.jpg,1,MV5BNWU5ZTg3NDYtYzM1MC00YWMzLWEyYTktNGEyZTgyYjlmMDExXkEyXkFqcGc@._V1_.jpg,0.9026,
163,e13-781.jpg,2,S1-LZ040_CDIARI_G_20210913165051.jpg,0.8919,
163,e13-781.jpg,3,"Mao_Tsé-toung,_portrait_en_buste,_assis,_faisant_face_à_Nikita_Khrouchtchev,_pendant_la_visite_du_chef_russe_1958_à_Pékin_(Mao_Zedong).jpg",0.8862,
163,e13-781.jpg,4,Mao-Zedong-1965.jpeg,0.8839,
163,e13-781.jpg,5,693.jpg,0.8798,
163,e13-781.jpg,6,Mao-Zedong.jpeg,0.8741,
163,e13-781.jpg,7,23macfarquharWeb-superJumbo.jpg,0.8519,
163,e13-781.jpg,8,1967-10_1967年毛泽东与林彪.jpg,0.8489,
163,e13-781.jpg,9,China-Deng-Xiao-ping-005-1.jpg,0.8419,
163,e13-781.jpg,10,Joseph-Stalin-1950.jpeg,0.8288,
164,e15-699.jpg,1,Mao-Zedong-1965.jpeg,0.8031,
164,e15-699.jpg,2,693.jpg,0.7881,
164,e15-699.jpg,3,"Mao_Tsé-toung,_portrait_en_buste,_assis,_faisant_face_à_Nikita_Khrouchtchev,_pendant_la_visite_du_chef_russe_1958_à_Pékin_(Mao_Zedong).jpg",0.7821,
164,e15-699.jpg,4,China-Deng-Xiao-ping-005-1.jpg,0.7774,
164,e15-699.jpg,5,S1-LZ040_CDIARI_G_20210913165051.jpg,0.7757,
164,e15-699.jpg,6,Stalin_in_July_1941-scaled.jpg,0.7708,
164,e15-699.jpg,7,MV5BNWU5ZTg3NDYtYzM1MC00YWMzLWEyYTktNGEyZTgyYjlmMDExXkEyXkFqcGc@._V1_.jpg,0.7704,
164,e15-699.jpg,8,Mao-Zedong.jpeg,0.7662,
164,e15-699.jpg,9,1967-10_1967年毛泽东与林彪.jpg,0.7658,
164,e15-699.jpg,10,images-3 copy.jpg,0.7625,
165,ec89b000-84d3-4309-8303-6c05b985f443_w1071_s_d3.jpeg,1,Imam_Khomeini_in_Mehrabad.jpg,0.798,
165,ec89b000-84d3-4309-8303-6c05b985f443_w1071_s_d3.jpeg,2,693.jpg,0.6467,
165,ec89b000-84d3-4309-8303-6c05b985f443_w1071_s_d3.jpeg,3,Mao-Zedong.jpeg,0.6459,
165,ec89b000-84d3-4309-8303-6c05b985f443_w1071_s_d3.jpeg,4,Screenshot 2026-07-30 at 11.26.00 PM.png,0.6424,
165,ec89b000-84d3-4309-8303-6c05b985f443_w1071_s_d3.jpeg,5,1967-10_1967年毛泽东与林彪.jpg,0.6385,
165,ec89b000-84d3-4309-8303-6c05b985f443_w1071_s_d3.jpeg,6,37430169030_829a131f9b_o.jpeg,0.6095,
165,ec89b000-84d3-4309-8303-6c05b985f443_w1071_s_d3.jpeg,7,mao-zedong-jiang-jieshi-histoire.jpeg,0.6064,
165,ec89b000-84d3-4309-8303-6c05b985f443_w1071_s_d3.jpeg,8,China-Deng-Xiao-ping-005-1.jpg,0.5993,
165,ec89b000-84d3-4309-8303-6c05b985f443_w1071_s_d3.jpeg,9,55f161bf-165a-4aa8-b22c-c66a3f9452b8_cx0_cy11_cw0_w1080_h608.jpeg,0.5987,
165,ec89b000-84d3-4309-8303-6c05b985f443_w1071_s_d3.jpeg,10,30d1a2aa-df8d-4714-ae6f-c557392ee966_9341936a.jpeg,0.5979,
166,ed64ea621bd3c4df73c45b003018b35f.jpeg,1,Polyester-American-flag-closeup-angle_6647de24-6210-4bb8-a86f-2b0c5923c020.jpeg,0.6479,
166,ed64ea621bd3c4df73c45b003018b35f.jpeg,2,images.jpg,0.6441,
166,ed64ea621bd3c4df73c45b003018b35f.jpeg,3,GettyImages-8727806941-e1521676525104-1024x637.jpg,0.6363,
166,ed64ea621bd3c4df73c45b003018b35f.jpeg,4,900_Boy Scouts Jamboree.jpg,0.6322,
166,ed64ea621bd3c4df73c45b003018b35f.jpeg,5,2023-09-30T051708Z_985728_RC2PI3A53UNF_RTRMADP_3_CHINA-ANNIVERSARY-2-1.webp,0.6277,
166,ed64ea621bd3c4df73c45b003018b35f.jpeg,6,TRUMP-XI-MEETING-TRADE-GettyImages-2244085159.jpeg,0.6252,
166,ed64ea621bd3c4df73c45b003018b35f.jpeg,7,Screenshot 2026-09-13 at 2.38.42 PM.png,0.6236,
166,ed64ea621bd3c4df73c45b003018b35f.jpeg,8,webp.jpeg,0.6171,
166,ed64ea621bd3c4df73c45b003018b35f.jpeg,9,2026-07-27T171950Z_1848935881_RC2HMMA1HQJN_RTRMADP_3_USA-TRUMP-1024x689.jpg,0.6163,
166,ed64ea621bd3c4df73c45b003018b35f.jpeg,10,gettyimages-2294343025.jpg,0.6162,
167,ehimetalor-akhere-unuabona-pdLSLVJeRlY-unsplash.jpg,1,istockphoto-1364054930-612x612.jpg,0.6112,
167,ehimetalor-akhere-unuabona-pdLSLVJeRlY-unsplash.jpg,2,photo-1506755594592-349d12a7c52a.jpeg,0.6041,
167,ehimetalor-akhere-unuabona-pdLSLVJeRlY-unsplash.jpg,3,photo-1736813224503-2322128091cb.jpeg,0.5827,
167,ehimetalor-akhere-unuabona-pdLSLVJeRlY-unsplash.jpg,4,gettyimages-828258182-scaled.jpg,0.5811,
167,ehimetalor-akhere-unuabona-pdLSLVJeRlY-unsplash.jpg,5,2022-10-22T202418Z_641060986_RC2B6X98MZ3F_RTRMADP_3_BRITAIN-POLITICS-JOHNSON-ARRIVAL-1024x683.jpg,0.5803,
167,ehimetalor-akhere-unuabona-pdLSLVJeRlY-unsplash.jpg,6,union-jack-uk-parliament.jpeg,0.5795,
167,ehimetalor-akhere-unuabona-pdLSLVJeRlY-unsplash.jpg,7,crowd-people-walking-crowded-street-footage-098377624_iconl.jpeg,0.5731,
167,ehimetalor-akhere-unuabona-pdLSLVJeRlY-unsplash.jpg,8,2023-09-30T051708Z_985728_RC2PI3A53UNF_RTRMADP_3_CHINA-ANNIVERSARY-2-1.webp,0.5686,
167,ehimetalor-akhere-unuabona-pdLSLVJeRlY-unsplash.jpg,9,1240216414.jpeg,0.5652,
167,ehimetalor-akhere-unuabona-pdLSLVJeRlY-unsplash.jpg,10,timon-studler-ABGaVhJxwDQ-unsplash_b99ec30b-edbe-4152-9619-95beb998dd4a-prv.jpg,0.5622,
168,electoralobama.172800.jpeg,1,President_Barack_Obama.jpg,0.6906,
168,electoralobama.172800.jpeg,2,GettyImages-2179699909-e1748616129354.jpeg,0.6653,
168,electoralobama.172800.jpeg,3,Polyester-American-flag-closeup-angle_6647de24-6210-4bb8-a86f-2b0c5923c020.jpeg,0.662,
168,electoralobama.172800.jpeg,4,_87498984_obamatearslarge.jpg,0.6575,
168,electoralobama.172800.jpeg,5,BN-CU905_ObamaG_FR_20140515164201.jpg,0.6519,
168,electoralobama.172800.jpeg,6,2026_0619_Barack-Obama_-presidential-center.jpg,0.6486,
168,electoralobama.172800.jpeg,7,los-angeles-california-nixon-press-conference-at-the-news-photo-1690823585.jpeg,0.6437,
168,electoralobama.172800.jpeg,8,Richard-M-Nixon-1969.jpeg,0.6376,
168,electoralobama.172800.jpeg,9,the-obamas-potus.jpg,0.6355,
168,electoralobama.172800.jpeg,10,"71-DuJMBshL._AC_UF1000,1000_QL80_.jpg",0.6296,
169,f1e3ead146c48b6586435604827b8cb1.jpg,1,1000w_q95.jpeg,0.8199,
169,f1e3ead146c48b6586435604827b8cb1.jpg,2,2023-09-30T051708Z_985728_RC2PI3A53UNF_RTRMADP_3_CHINA-ANNIVERSARY-2-1.webp,0.8021,
169,f1e3ead146c48b6586435604827b8cb1.jpg,3,rtr3xjay.jpg,0.7822,
169,f1e3ead146c48b6586435604827b8cb1.jpg,4,images copy.jpg,0.7766,
169,f1e3ead146c48b6586435604827b8cb1.jpg,5,560868.jpg,0.7657,
169,f1e3ead146c48b6586435604827b8cb1.jpg,6,President-of-China-Xi-Jinping.jpeg,0.7484,
169,f1e3ead146c48b6586435604827b8cb1.jpg,7,GrIbt2WXgAArYDk.jpg,0.7399,
169,f1e3ead146c48b6586435604827b8cb1.jpg,8,npr.brightspotcdn copy.jpg,0.7368,
169,f1e3ead146c48b6586435604827b8cb1.jpg,9,images-22.jpg,0.7163,
169,f1e3ead146c48b6586435604827b8cb1.jpg,10,_126347570_gettyimages-1238182438.jpg,0.711,
170,falklands-victory.jpg,1,hms-invincible-returns-home-following-the-falklands-conflict-1982.jpg,0.8426,
170,falklands-victory.jpg,2,55f161bf-165a-4aa8-b22c-c66a3f9452b8_cx0_cy11_cw0_w1080_h608.jpeg,0.6373,
170,falklands-victory.jpg,3,7.2-Margaret-Thatcher.jpg,0.6297,
170,falklands-victory.jpg,4,1982Jun9-1038x576.jpg,0.625,
170,falklands-victory.jpg,5,Screenshot 2026-07-30 at 11.26.00 PM.png,0.6048,
170,falklands-victory.jpg,6,M-60A3.jpg,0.6028,
170,falklands-victory.jpg,7,margaret-thatcher_500x500_gettyimages-108932085.jpeg,0.5944,
170,falklands-victory.jpg,8,jfk-assassination.jpeg,0.593,
170,falklands-victory.jpg,9,union-jack-uk-parliament.jpeg,0.5879,
170,falklands-victory.jpg,10,photo-1736813224503-2322128091cb.jpeg,0.5842,
171,flags2_1080x.jpeg,1,images-1 copy 2.jpg,0.6274,
171,flags2_1080x.jpeg,2,Screenshot 2026-07-30 at 11.26.00 PM.png,0.6183,
171,flags2_1080x.jpeg,3,"71-DuJMBshL._AC_UF1000,1000_QL80_.jpg",0.6069,
171,flags2_1080x.jpeg,4,Stalin_in_July_1941-scaled.jpg,0.6033,
171,flags2_1080x.jpeg,5,Screenshot 2026-09-13 at 2.38.07 PM.png,0.5996,
171,flags2_1080x.jpeg,6,Vladimir_Lenin.jpeg,0.589,
171,flags2_1080x.jpeg,7,1967-10_1967年毛泽东与林彪.jpg,0.5881,
171,flags2_1080x.jpeg,8,2827r.jpg,0.5873,
171,flags2_1080x.jpeg,9,images-2 copy.jpg,0.5866,
171,flags2_1080x.jpeg,10,sized-170983061.jpeg,0.5859,
172,france-in-100-years-german-poster-1930s-v0-0qxi60w6su9b1.jpeg,1,1861-British-walking-and-sporting-costume.jpg,0.6403,
172,france-in-100-years-german-poster-1930s-v0-0qxi60w6su9b1.jpeg,2,Screenshot 2026-09-13 at 2.38.07 PM.png,0.6154,
172,france-in-100-years-german-poster-1930s-v0-0qxi60w6su9b1.jpeg,3,Screenshot 2026-09-13 at 2.42.27 PM.png,0.6046,
172,france-in-100-years-german-poster-1930s-v0-0qxi60w6su9b1.jpeg,4,900_Row-One-Brand_1964-coke-ad-remix-final-row-1.jpg,0.5993,
172,france-in-100-years-german-poster-1930s-v0-0qxi60w6su9b1.jpeg,5,NPG-78T0884A_1.jpg,0.5984,
172,france-in-100-years-german-poster-1930s-v0-0qxi60w6su9b1.jpeg,6,900_Boy Scouts Jamboree.jpg,0.5966,
172,france-in-100-years-german-poster-1930s-v0-0qxi60w6su9b1.jpeg,7,Screenshot 2026-09-13 at 2.38.30 PM.png,0.5921,
172,france-in-100-years-german-poster-1930s-v0-0qxi60w6su9b1.jpeg,8,Screenshot 2026-09-13 at 2.38.59 PM.png,0.5908,
172,france-in-100-years-german-poster-1930s-v0-0qxi60w6su9b1.jpeg,9,Screenshot 2026-09-13 at 2.38.42 PM.png,0.5839,
172,france-in-100-years-german-poster-1930s-v0-0qxi60w6su9b1.jpeg,10,Screenshot 2026-09-13 at 2.42.39 PM.png,0.5839,
173,franklin-roosevelt-in-an-anti-american-japanese-world-war-2-v0-acqzh83k80se1.jpeg,1,Franklin-D-Roosevelt-1937.jpeg,0.6709,
173,franklin-roosevelt-in-an-anti-american-japanese-world-war-2-v0-acqzh83k80se1.jpeg,2,"FDR-1944-Campaign-Portrait_(3x4_retouched,_cropped).jpg",0.6446,
173,franklin-roosevelt-in-an-anti-american-japanese-world-war-2-v0-acqzh83k80se1.jpeg,3,Jiang_Jieshi2.jpg,0.595,
173,franklin-roosevelt-in-an-anti-american-japanese-world-war-2-v0-acqzh83k80se1.jpeg,4,zunzun no.2  dia de las far castro.jpg,0.5937,
173,franklin-roosevelt-in-an-anti-american-japanese-world-war-2-v0-acqzh83k80se1.jpeg,5,1967-10_1967年毛泽东与林彪.jpg,0.5903,
173,franklin-roosevelt-in-an-anti-american-japanese-world-war-2-v0-acqzh83k80se1.jpeg,6,SamuraiArmor-Feat.jpg,0.5882,
173,franklin-roosevelt-in-an-anti-american-japanese-world-war-2-v0-acqzh83k80se1.jpeg,7,Merry_Old_Santa_Claus_by_Thomas_Nast.jpg,0.586,
173,franklin-roosevelt-in-an-anti-american-japanese-world-war-2-v0-acqzh83k80se1.jpeg,8,los-angeles-california-nixon-press-conference-at-the-news-photo-1690823585.jpeg,0.5839,
173,franklin-roosevelt-in-an-anti-american-japanese-world-war-2-v0-acqzh83k80se1.jpeg,9,"Lyndon_B._Johnson,_photo_portrait,_leaning_on_chair,_color_cropped.jpg",0.5787,
173,franklin-roosevelt-in-an-anti-american-japanese-world-war-2-v0-acqzh83k80se1.jpeg,10,23macfarquharWeb-superJumbo.jpg,0.5765,
174,from-afghan.jpg,1,55f161bf-165a-4aa8-b22c-c66a3f9452b8_cx0_cy11_cw0_w1080_h608.jpeg,0.776,
174,from-afghan.jpg,2,150826233935-ww2-china-8-exlarge-169-5355409.jpg,0.7448,
174,from-afghan.jpg,3,Screenshot 2026-07-30 at 11.26.00 PM.png,0.7148,
174,from-afghan.jpg,4,photo-1736813224503-2322128091cb.jpeg,0.7089,
174,from-afghan.jpg,5,1000w_q95.jpeg,0.7018,
174,from-afghan.jpg,6,M-60A3.jpg,0.7017,
174,from-afghan.jpg,7,2023-09-30T051708Z_985728_RC2PI3A53UNF_RTRMADP_3_CHINA-ANNIVERSARY-2-1.webp,0.6693,
174,from-afghan.jpg,8,images copy.jpg,0.6675,
174,from-afghan.jpg,9,Leopard_2_A5_der_Bundeswehr.jpg,0.6656,
174,from-afghan.jpg,10,gettyimages-1061707698.jpeg,0.6568,
175,george-mcgovern-i-believe-him-1972-war-is-hell-store.jpg,1,"Lyndon_B._Johnson,_photo_portrait,_leaning_on_chair,_color_cropped.jpg",0.641,
175,george-mcgovern-i-believe-him-1972-war-is-hell-store.jpg,2,Richard-M-Nixon-1969.jpeg,0.6239,
175,george-mcgovern-i-believe-him-1972-war-is-hell-store.jpg,3,los-angeles-california-nixon-press-conference-at-the-news-photo-1690823585.jpeg,0.6228,
175,george-mcgovern-i-believe-him-1972-war-is-hell-store.jpg,4,Pres-Richard-Nixon-Deng-Xiaoping-Jimmy-Carter-Jan-29-1979.jpeg,0.5647,
175,george-mcgovern-i-believe-him-1972-war-is-hell-store.jpg,5,John-F-Kennedy.jpeg,0.5567,
175,george-mcgovern-i-believe-him-1972-war-is-hell-store.jpg,6,693.jpg,0.5527,
175,george-mcgovern-i-believe-him-1972-war-is-hell-store.jpg,7,7.2-Margaret-Thatcher.jpg,0.5389,
175,george-mcgovern-i-believe-him-1972-war-is-hell-store.jpg,8,Franklin-D-Roosevelt-1937.jpeg,0.5386,
175,george-mcgovern-i-believe-him-1972-war-is-hell-store.jpg,9,mao-zedong-jiang-jieshi-histoire.jpeg,0.537,
175,george-mcgovern-i-believe-him-1972-war-is-hell-store.jpg,10,Mao-Zedong.jpeg,0.5362,
176,glory-to-the-russian-people-a-heroic-people-a-creative-v0-yygpnvlqt6gh1.jpeg,1,900_Boy Scouts Jamboree.jpg,0.7257,
176,glory-to-the-russian-people-a-heroic-people-a-creative-v0-yygpnvlqt6gh1.jpeg,2,Stalin_in_July_1941-scaled.jpg,0.7036,
176,glory-to-the-russian-people-a-heroic-people-a-creative-v0-yygpnvlqt6gh1.jpeg,3,Vladimir_Lenin.jpeg,0.6942,
176,glory-to-the-russian-people-a-heroic-people-a-creative-v0-yygpnvlqt6gh1.jpeg,4,"71-DuJMBshL._AC_UF1000,1000_QL80_.jpg",0.6922,
176,glory-to-the-russian-people-a-heroic-people-a-creative-v0-yygpnvlqt6gh1.jpeg,5,images-2 copy.jpg,0.6861,
176,glory-to-the-russian-people-a-heroic-people-a-creative-v0-yygpnvlqt6gh1.jpeg,6,Joseph-Stalin-1950.jpeg,0.6847,
176,glory-to-the-russian-people-a-heroic-people-a-creative-v0-yygpnvlqt6gh1.jpeg,7,RIAN_archive_633872_Workers_of_Soligorsk_potash_plant.jpg,0.6715,
176,glory-to-the-russian-people-a-heroic-people-a-creative-v0-yygpnvlqt6gh1.jpeg,8,images-3 copy.jpg,0.6693,
176,glory-to-the-russian-people-a-heroic-people-a-creative-v0-yygpnvlqt6gh1.jpeg,9,China-Deng-Xiao-ping-005-1.jpg,0.6677,
176,glory-to-the-russian-people-a-heroic-people-a-creative-v0-yygpnvlqt6gh1.jpeg,10,"Worker and supervisor at a car factory, Moscow, 1954.jpg",0.6672,
177,gty-nixon-1-er-170608_16x9_992.jpg,1,los-angeles-california-nixon-press-conference-at-the-news-photo-1690823585.jpeg,0.8202,
177,gty-nixon-1-er-170608_16x9_992.jpg,2,Richard-M-Nixon-1969.jpeg,0.8044,
177,gty-nixon-1-er-170608_16x9_992.jpg,3,Pres-Richard-Nixon-Deng-Xiaoping-Jimmy-Carter-Jan-29-1979.jpeg,0.7271,
177,gty-nixon-1-er-170608_16x9_992.jpg,4,7.2-Margaret-Thatcher.jpg,0.7145,
177,gty-nixon-1-er-170608_16x9_992.jpg,5,jfk-assassination.jpeg,0.7018,
177,gty-nixon-1-er-170608_16x9_992.jpg,6,Stalin_in_July_1941-scaled.jpg,0.6898,
177,gty-nixon-1-er-170608_16x9_992.jpg,7,Mao-Zedong.jpeg,0.6808,
177,gty-nixon-1-er-170608_16x9_992.jpg,8,gettyimages-872442016.jpeg,0.6802,
177,gty-nixon-1-er-170608_16x9_992.jpg,9,John-F-Kennedy.jpeg,0.6801,
177,gty-nixon-1-er-170608_16x9_992.jpg,10,693.jpg,0.6736,
178,hg-comrades-in.max-1024x1024.format-webp.webpquality-70.jpeg,1,Stalin_in_July_1941-scaled.jpg,0.7887,
178,hg-comrades-in.max-1024x1024.format-webp.webpquality-70.jpeg,2,sized-170983061.jpeg,0.7671,
178,hg-comrades-in.max-1024x1024.format-webp.webpquality-70.jpeg,3,"71-DuJMBshL._AC_UF1000,1000_QL80_.jpg",0.7669,
178,hg-comrades-in.max-1024x1024.format-webp.webpquality-70.jpeg,4,images-3 copy.jpg,0.7617,
178,hg-comrades-in.max-1024x1024.format-webp.webpquality-70.jpeg,5,Joseph-Stalin-1950.jpeg,0.7547,
178,hg-comrades-in.max-1024x1024.format-webp.webpquality-70.jpeg,6,images-2 copy.jpg,0.7397,
178,hg-comrades-in.max-1024x1024.format-webp.webpquality-70.jpeg,7,"Mao_Tsé-toung,_portrait_en_buste,_assis,_faisant_face_à_Nikita_Khrouchtchev,_pendant_la_visite_du_chef_russe_1958_à_Pékin_(Mao_Zedong).jpg",0.7396,
178,hg-comrades-in.max-1024x1024.format-webp.webpquality-70.jpeg,8,Vladimir_Lenin.jpeg,0.7268,
178,hg-comrades-in.max-1024x1024.format-webp.webpquality-70.jpeg,9,Mao-Zedong-1965.jpeg,0.7257,
178,hg-comrades-in.max-1024x1024.format-webp.webpquality-70.jpeg,10,mao_great_leap_forward_history_today_0.jpeg,0.7245,
179,hg-poster-depi.max-1024x1024.format-webp.webpquality-70.jpeg,1,Polyester-American-flag-closeup-angle_6647de24-6210-4bb8-a86f-2b0c5923c020.jpeg,0.6943,
179,hg-poster-depi.max-1024x1024.format-webp.webpquality-70.jpeg,2,900_Boy Scouts Jamboree.jpg,0.6942,
179,hg-poster-depi.max-1024x1024.format-webp.webpquality-70.jpeg,3,WorldBall-inflatable-globe4__86540.jpg,0.6907,
179,hg-poster-depi.max-1024x1024.format-webp.webpquality-70.jpeg,4,2827r.jpg,0.689,
179,hg-poster-depi.max-1024x1024.format-webp.webpquality-70.jpeg,5,images-1 copy 2.jpg,0.6862,
179,hg-poster-depi.max-1024x1024.format-webp.webpquality-70.jpeg,6,Stalin_in_July_1941-scaled.jpg,0.6578,
179,hg-poster-depi.max-1024x1024.format-webp.webpquality-70.jpeg,7,7492.png,0.6553,
179,hg-poster-depi.max-1024x1024.format-webp.webpquality-70.jpeg,8,images-2 copy.jpg,0.6481,
179,hg-poster-depi.max-1024x1024.format-webp.webpquality-70.jpeg,9,Large-crowd-of-people-014.jpg,0.6477,
179,hg-poster-depi.max-1024x1024.format-webp.webpquality-70.jpeg,10,"71-DuJMBshL._AC_UF1000,1000_QL80_.jpg",0.6437,
180,hillary-cover.jpg,1,Hillary_Clinton_official_Secretary_of_State_portrait_crop.jpg,0.7394,
180,hillary-cover.jpg,2,TrumpClintonGettyImages.jpg,0.6945,
180,hillary-cover.jpg,3,Bill-Clinton.jpeg,0.679,
180,hillary-cover.jpg,4,BN-QJ135_debate_M_20161019224815.jpg,0.6729,
180,hillary-cover.jpg,5,BN-CU905_ObamaG_FR_20140515164201.jpg,0.6513,
180,hillary-cover.jpg,6,000_328D73Q.jpg,0.6488,
180,hillary-cover.jpg,7,President_Barack_Obama.jpg,0.6415,
180,hillary-cover.jpg,8,_87498984_obamatearslarge.jpg,0.6242,
180,hillary-cover.jpg,9,"Joe_Biden,_official_photo_portrait_2_(4x5_crop).jpg",0.6225,
180,hillary-cover.jpg,10,the-obamas-potus.jpg,0.6143,
181,hk_1080x.jpeg,1,Merry_Old_Santa_Claus_by_Thomas_Nast.jpg,0.637,
181,hk_1080x.jpeg,2,Mao-Zedong.jpeg,0.6355,
181,hk_1080x.jpeg,3,President-of-China-Xi-Jinping.jpeg,0.6344,
181,hk_1080x.jpeg,4,central-business-district.jpg,0.6324,
181,hk_1080x.jpeg,5,1967-10_1967年毛泽东与林彪.jpg,0.6254,
181,hk_1080x.jpeg,6,693.jpg,0.6246,
181,hk_1080x.jpeg,7,mao-zedong-jiang-jieshi-histoire.jpeg,0.6198,
181,hk_1080x.jpeg,8,Mao-Zedong-1965.jpeg,0.6195,
181,hk_1080x.jpeg,9,2023-09-30T051708Z_985728_RC2PI3A53UNF_RTRMADP_3_CHINA-ANNIVERSARY-2-1.webp,0.6193,
181,hk_1080x.jpeg,10,900_Row-One-Brand_1964-coke-ad-remix-final-row-1.jpg,0.6187,
182,images 1.10.41 AM.jpg,1,Polyester-American-flag-closeup-angle_6647de24-6210-4bb8-a86f-2b0c5923c020.jpeg,0.7597,
182,images 1.10.41 AM.jpg,2,900_Boy Scouts Jamboree.jpg,0.7417,
182,images 1.10.41 AM.jpg,3,Stalin_in_July_1941-scaled.jpg,0.7318,
182,images 1.10.41 AM.jpg,4,images-3 copy.jpg,0.7218,
182,images 1.10.41 AM.jpg,5,President_Barack_Obama.jpg,0.7186,
182,images 1.10.41 AM.jpg,6,Registry-of-the-American-Soldier.png,0.7056,
182,images 1.10.41 AM.jpg,7,pointing-finger-forward-stockcake.jpg,0.7034,
182,images 1.10.41 AM.jpg,8,"71-DuJMBshL._AC_UF1000,1000_QL80_.jpg",0.7003,
182,images 1.10.41 AM.jpg,9,Joseph-Stalin-1950.jpeg,0.697,
182,images 1.10.41 AM.jpg,10,7492.png,0.6969,
183,images copy.jpg,1,President-of-China-Xi-Jinping.jpeg,0.9052,
183,images copy.jpg,2,_126347570_gettyimages-1238182438.jpg,0.8538,
183,images copy.jpg,3,2023-09-30T051708Z_985728_RC2PI3A53UNF_RTRMADP_3_CHINA-ANNIVERSARY-2-1.webp,0.853,
183,images copy.jpg,4,560868.jpg,0.8515,
183,images copy.jpg,5,S1-LZ040_CDIARI_G_20210913165051.jpg,0.8447,
183,images copy.jpg,6,Mao-Zedong-1965.jpeg,0.8306,
183,images copy.jpg,7,693.jpg,0.8258,
183,images copy.jpg,8,Mao-Zedong.jpeg,0.8145,
183,images copy.jpg,9,"Mao_Tsé-toung,_portrait_en_buste,_assis,_faisant_face_à_Nikita_Khrouchtchev,_pendant_la_visite_du_chef_russe_1958_à_Pékin_(Mao_Zedong).jpg",0.8125,
183,images copy.jpg,10,mao_great_leap_forward_history_today_0.jpeg,0.8067,
184,images-1 copy.jpg,1,560868.jpg,0.8658,
184,images-1 copy.jpg,2,2023-09-30T051708Z_985728_RC2PI3A53UNF_RTRMADP_3_CHINA-ANNIVERSARY-2-1.webp,0.8559,
184,images-1 copy.jpg,3,TRUMP-XI-MEETING-TRADE-GettyImages-2244085159.jpeg,0.819,
184,images-1 copy.jpg,4,President-of-China-Xi-Jinping.jpeg,0.7913,
184,images-1 copy.jpg,5,b33d83cf315cd3c8d91485188a200399.jpeg,0.7851,
184,images-1 copy.jpg,6,_126347570_gettyimages-1238182438.jpg,0.7394,
184,images-1 copy.jpg,7,gettyimages-2294343025.jpg,0.7208,
184,images-1 copy.jpg,8,GettyImages-8727806941-e1521676525104-1024x637.jpg,0.7179,
184,images-1 copy.jpg,9,npr.brightspotcdn.jpg,0.7057,
184,images-1 copy.jpg,10,GettyImages-2208183148-1024x700.jpg,0.7003,
185,images-1.jpg,1,900_Boy Scouts Jamboree.jpg,0.6715,
185,images-1.jpg,2,Stalin_in_July_1941-scaled.jpg,0.6533,
185,images-1.jpg,3,images-3 copy.jpg,0.6453,
185,images-1.jpg,4,Little_Red_Riding_Hood_-_J._W._Smith.jpg,0.6398,
185,images-1.jpg,5,pointing-finger-forward-stockcake.jpg,0.6332,
185,images-1.jpg,6,images-2 copy.jpg,0.6326,
185,images-1.jpg,7,Polyester-American-flag-closeup-angle_6647de24-6210-4bb8-a86f-2b0c5923c020.jpeg,0.6249,
185,images-1.jpg,8,Large-crowd-of-people-014.jpg,0.6231,
185,images-1.jpg,9,King_Kong_1933_Promotional_Image.png,0.6227,
185,images-1.jpg,10,262788.jpg,0.6222,
186,images.jpg,1,"71-DuJMBshL._AC_UF1000,1000_QL80_.jpg",0.8651,
186,images.jpg,2,Vladimir_Lenin.jpeg,0.8495,
186,images.jpg,3,Stalin_in_July_1941-scaled.jpg,0.8324,
186,images.jpg,4,images-2 copy.jpg,0.831,
186,images.jpg,5,Joseph-Stalin-1950.jpeg,0.8074,
186,images.jpg,6,images-3 copy.jpg,0.8062,
186,images.jpg,7,Vladimir_Lenin_a_colori_(cropped).jpg,0.8059,
186,images.jpg,8,Che_Guevara_-_Guerrillero_Heroico_by_Alberto_Korda.jpg,0.7993,
186,images.jpg,9,sized-170983061.jpeg,0.7891,
186,images.jpg,10,141013-che-guevara-716x1024.jpg,0.7633,
187,img_5748__41824.jpg,1,61o6+xH9OhL._AC_UY1000_.jpg,0.7654,
187,img_5748__41824.jpg,2,2565.jpeg,0.75,
187,img_5748__41824.jpg,3,webp.jpeg,0.7225,
187,img_5748__41824.jpg,4,GettyImages-2208183148-1024x700.jpg,0.7177,
187,img_5748__41824.jpg,5,Polyester-American-flag-closeup-angle_6647de24-6210-4bb8-a86f-2b0c5923c020.jpeg,0.703,
187,img_5748__41824.jpg,6,2026-07-27T171950Z_1848935881_RC2HMMA1HQJN_RTRMADP_3_USA-TRUMP-1024x689.jpg,0.6926,
187,img_5748__41824.jpg,7,2026-09-04T212427Z_1529783300_RC2LCNADG7IF_RTRMADP_3_USA-TRUMP-1024x683.jpg,0.69,
187,img_5748__41824.jpg,8,trump-obamacare-refunds.jpg,0.6837,
187,img_5748__41824.jpg,9,gettyimages-2287539432-20260725031213194.jpg,0.6791,
187,img_5748__41824.jpg,10,GettyImages-8727806941-e1521676525104-1024x637.jpg,0.6788,
188,jlgkq2d775ph1.jpg,1,best-movie-posters-of-all-time-v0-jjxf6ntktk6g1.jpeg,0.7,
188,jlgkq2d775ph1.jpg,2,900_Boy Scouts Jamboree.jpg,0.691,
188,jlgkq2d775ph1.jpg,3,150826233935-ww2-china-8-exlarge-169-5355409.jpg,0.6444,
188,jlgkq2d775ph1.jpg,4,best-movie-posters-of-all-time-v0-w3jkbptktk6g1.jpeg,0.634,
188,jlgkq2d775ph1.jpg,5,Stalin_in_July_1941-scaled.jpg,0.6296,
188,jlgkq2d775ph1.jpg,6,best-movie-posters-of-all-time-v0-32lofmtktk6g1.jpeg,0.6226,
188,jlgkq2d775ph1.jpg,7,900_Row-One-Brand_1964-coke-ad-remix-final-row-1.jpg,0.6194,
188,jlgkq2d775ph1.jpg,8,NPG-78T0884A_1.jpg,0.6156,
188,jlgkq2d775ph1.jpg,9,Franklin-D-Roosevelt-1937.jpeg,0.6155,
188,jlgkq2d775ph1.jpg,10,best-movie-posters-of-all-time-v0-2gl1lntktk6g1.jpeg,0.613,
189,korean_1080x.jpeg,1,"71-DuJMBshL._AC_UF1000,1000_QL80_.jpg",0.6458,
189,korean_1080x.jpeg,2,Che_Guevara_-_Guerrillero_Heroico_by_Alberto_Korda.jpg,0.6293,
189,korean_1080x.jpeg,3,Stalin_in_July_1941-scaled.jpg,0.626,
189,korean_1080x.jpeg,4,Vladimir_Lenin_a_colori_(cropped).jpg,0.6225,
189,korean_1080x.jpeg,5,best-movie-posters-of-all-time-v0-w3jkbptktk6g1.jpeg,0.6171,
189,korean_1080x.jpeg,6,sized-170983061.jpeg,0.6113,
189,korean_1080x.jpeg,7,images-2 copy.jpg,0.6082,
189,korean_1080x.jpeg,8,best-movie-posters-of-all-time-v0-2gl1lntktk6g1.jpeg,0.6069,
189,korean_1080x.jpeg,9,best-movie-posters-of-all-time-v0-jjxf6ntktk6g1.jpeg,0.6028,
189,korean_1080x.jpeg,10,images-3 copy.jpg,0.5947,
190,l8uplzvx96ph1.jpg,1,s-l1200-4.jpg,0.5151,
190,l8uplzvx96ph1.jpg,2,900_Boy Scouts Jamboree.jpg,0.5123,
190,l8uplzvx96ph1.jpg,3,Cross.jpeg,0.4995,
190,l8uplzvx96ph1.jpg,4,il_fullxfull.2946516750_ao6g.jpeg,0.4952,
190,l8uplzvx96ph1.jpg,5,William-Adolphe_Bouguereau_(1825-1905)_-_Dante_And_Virgil_In_Hell_(1850).jpg,0.4884,
190,l8uplzvx96ph1.jpg,6,images-1 copy 5.jpg,0.4864,
190,l8uplzvx96ph1.jpg,7,230a53de-7d50-48dc-8f4e-ae56b37393c3.jpeg,0.4843,
190,l8uplzvx96ph1.jpg,8,photo-1506755594592-349d12a7c52a.jpeg,0.4832,
190,l8uplzvx96ph1.jpg,9,2023-09-30T051708Z_985728_RC2PI3A53UNF_RTRMADP_3_CHINA-ANNIVERSARY-2-1.webp,0.4825,
190,l8uplzvx96ph1.jpg,10,Stalin_in_July_1941-scaled.jpg,0.482,
191,like-mom-soviet-anti-smoking-poster-1977-v0-tb00uhbnf4fh1.jpeg,1,Merry_Old_Santa_Claus_by_Thomas_Nast.jpg,0.6491,
191,like-mom-soviet-anti-smoking-poster-1977-v0-tb00uhbnf4fh1.jpeg,2,Screenshot 2026-09-13 at 2.38.59 PM.png,0.6375,
191,like-mom-soviet-anti-smoking-poster-1977-v0-tb00uhbnf4fh1.jpeg,3,Screenshot 2026-09-13 at 2.40.19 PM.png,0.6304,
191,like-mom-soviet-anti-smoking-poster-1977-v0-tb00uhbnf4fh1.jpeg,4,Screenshot 2026-09-13 at 2.42.13 PM.png,0.6213,
191,like-mom-soviet-anti-smoking-poster-1977-v0-tb00uhbnf4fh1.jpeg,5,Little_Red_Riding_Hood_-_J._W._Smith.jpg,0.6153,
191,like-mom-soviet-anti-smoking-poster-1977-v0-tb00uhbnf4fh1.jpeg,6,King_Kong_1933_Promotional_Image.png,0.6144,
191,like-mom-soviet-anti-smoking-poster-1977-v0-tb00uhbnf4fh1.jpeg,7,900_Row-One-Brand_1964-coke-ad-remix-final-row-1.jpg,0.606,
191,like-mom-soviet-anti-smoking-poster-1977-v0-tb00uhbnf4fh1.jpeg,8,Screenshot 2026-09-13 at 2.42.27 PM.png,0.6031,
191,like-mom-soviet-anti-smoking-poster-1977-v0-tb00uhbnf4fh1.jpeg,9,NPG-78T0884A_1.jpg,0.6015,
191,like-mom-soviet-anti-smoking-poster-1977-v0-tb00uhbnf4fh1.jpeg,10,Screenshot 2026-09-13 at 2.38.07 PM.png,0.6001,
192,lwlgqqus3hfh1.png,1,2023-09-30T051708Z_985728_RC2PI3A53UNF_RTRMADP_3_CHINA-ANNIVERSARY-2-1.webp,0.5909,
192,lwlgqqus3hfh1.png,2,Screenshot 2026-09-13 at 2.44.25 PM.png,0.5656,
192,lwlgqqus3hfh1.png,3,_126347570_gettyimages-1238182438.jpg,0.5608,
192,lwlgqqus3hfh1.png,4,President-of-China-Xi-Jinping.jpeg,0.5608,
192,lwlgqqus3hfh1.png,5,560868.jpg,0.5596,
192,lwlgqqus3hfh1.png,6,TAL-bernina-express-switzerland-PRETTSTEUROTRAIN0426-4e3d53753f7d4de5887ef1c0ab57f662.jpg,0.5526,
192,lwlgqqus3hfh1.png,7,1000w_q95.jpeg,0.5304,
192,lwlgqqus3hfh1.png,8,b33d83cf315cd3c8d91485188a200399.jpeg,0.5211,
192,lwlgqqus3hfh1.png,9,beijing-cctv-headquarters-night-cityscape-light-trails.jpg,0.5128,
192,lwlgqqus3hfh1.png,10,mao_great_leap_forward_history_today_0.jpeg,0.5122,
193,manchukuo011.jpg,1,Mao-Zedong-1965.jpeg,0.7062,
193,manchukuo011.jpg,2,1967-10_1967年毛泽东与林彪.jpg,0.7043,
193,manchukuo011.jpg,3,mao-zedong-jiang-jieshi-histoire.jpeg,0.703,
193,manchukuo011.jpg,4,images copy.jpg,0.6975,
193,manchukuo011.jpg,5,Mao-Zedong.jpeg,0.6954,
193,manchukuo011.jpg,6,"Mao_Tsé-toung,_portrait_en_buste,_assis,_faisant_face_à_Nikita_Khrouchtchev,_pendant_la_visite_du_chef_russe_1958_à_Pékin_(Mao_Zedong).jpg",0.6909,
193,manchukuo011.jpg,7,23macfarquharWeb-superJumbo.jpg,0.6834,
193,manchukuo011.jpg,8,GrIbt2WXgAArYDk.jpg,0.6799,
193,manchukuo011.jpg,9,693.jpg,0.6794,
193,manchukuo011.jpg,10,mao_great_leap_forward_history_today_0.jpeg,0.676,
194,mao-chinese-app-little-red-book-stanford-bain.webp,1,693.jpg,0.7985,
194,mao-chinese-app-little-red-book-stanford-bain.webp,2,"Mao_Tsé-toung,_portrait_en_buste,_assis,_faisant_face_à_Nikita_Khrouchtchev,_pendant_la_visite_du_chef_russe_1958_à_Pékin_(Mao_Zedong).jpg",0.7959,
194,mao-chinese-app-little-red-book-stanford-bain.webp,3,China-Deng-Xiao-ping-005-1.jpg,0.7912,
194,mao-chinese-app-little-red-book-stanford-bain.webp,4,Mao-Zedong-1965.jpeg,0.7866,
194,mao-chinese-app-little-red-book-stanford-bain.webp,5,S1-LZ040_CDIARI_G_20210913165051.jpg,0.7721,
194,mao-chinese-app-little-red-book-stanford-bain.webp,6,Mao-Zedong.jpeg,0.7717,
194,mao-chinese-app-little-red-book-stanford-bain.webp,7,23macfarquharWeb-superJumbo.jpg,0.7657,
194,mao-chinese-app-little-red-book-stanford-bain.webp,8,mao_great_leap_forward_history_today_0.jpeg,0.761,
194,mao-chinese-app-little-red-book-stanford-bain.webp,9,Stalin_in_July_1941-scaled.jpg,0.76,
194,mao-chinese-app-little-red-book-stanford-bain.webp,10,MV5BNWU5ZTg3NDYtYzM1MC00YWMzLWEyYTktNGEyZTgyYjlmMDExXkEyXkFqcGc@._V1_.jpg,0.7543,
195,mao-zedong-long-shot.jpg,1,S1-LZ040_CDIARI_G_20210913165051.jpg,0.8487,
195,mao-zedong-long-shot.jpg,2,693.jpg,0.8434,
195,mao-zedong-long-shot.jpg,3,"Mao_Tsé-toung,_portrait_en_buste,_assis,_faisant_face_à_Nikita_Khrouchtchev,_pendant_la_visite_du_chef_russe_1958_à_Pékin_(Mao_Zedong).jpg",0.8429,
195,mao-zedong-long-shot.jpg,4,Mao-Zedong.jpeg,0.8408,
195,mao-zedong-long-shot.jpg,5,1967-10_1967年毛泽东与林彪.jpg,0.8389,
195,mao-zedong-long-shot.jpg,6,Mao-Zedong-1965.jpeg,0.8343,
195,mao-zedong-long-shot.jpg,7,MV5BNWU5ZTg3NDYtYzM1MC00YWMzLWEyYTktNGEyZTgyYjlmMDExXkEyXkFqcGc@._V1_.jpg,0.8208,
195,mao-zedong-long-shot.jpg,8,23macfarquharWeb-superJumbo.jpg,0.8173,
195,mao-zedong-long-shot.jpg,9,China-Deng-Xiao-ping-005-1.jpg,0.816,
195,mao-zedong-long-shot.jpg,10,mao_great_leap_forward_history_today_0.jpeg,0.7894,
196,media_168395_0.jpg,1,900_Boy Scouts Jamboree.jpg,0.7043,
196,media_168395_0.jpg,2,Polyester-American-flag-closeup-angle_6647de24-6210-4bb8-a86f-2b0c5923c020.jpeg,0.6943,
196,media_168395_0.jpg,3,2827r.jpg,0.6934,
196,media_168395_0.jpg,4,union-jack-uk-parliament.jpeg,0.6822,
196,media_168395_0.jpg,5,900_Row-One-Brand_1964-coke-ad-remix-final-row-1.jpg,0.6598,
196,media_168395_0.jpg,6,1861-British-walking-and-sporting-costume.jpg,0.6555,
196,media_168395_0.jpg,7,Mark_I_series_tank.jpg,0.6467,
196,media_168395_0.jpg,8,"71-DuJMBshL._AC_UF1000,1000_QL80_.jpg",0.6448,
196,media_168395_0.jpg,9,Stalin_in_July_1941-scaled.jpg,0.6444,
196,media_168395_0.jpg,10,"At_London_2025_487_-_Statue_of_Winston_Churchill,_Parliament_Square.jpg",0.6417,
197,mn0dn7q8sr641.png,1,Screenshot 2026-09-13 at 2.38.42 PM.png,0.6321,
197,mn0dn7q8sr641.png,2,NPG-78T0884A_1.jpg,0.6298,
197,mn0dn7q8sr641.png,3,Polyester-American-flag-closeup-angle_6647de24-6210-4bb8-a86f-2b0c5923c020.jpeg,0.6284,
197,mn0dn7q8sr641.png,4,"Raising_the_Flag_on_Iwo_Jima,_larger_-_edit1.jpg",0.6275,
197,mn0dn7q8sr641.png,5,Stalin_in_July_1941-scaled.jpg,0.6159,
197,mn0dn7q8sr641.png,6,images.jpg,0.6113,
197,mn0dn7q8sr641.png,7,"71-DuJMBshL._AC_UF1000,1000_QL80_.jpg",0.6096,
197,mn0dn7q8sr641.png,8,King_Kong_1933_Promotional_Image.png,0.604,
197,mn0dn7q8sr641.png,9,GettyImages-8727806941-e1521676525104-1024x637.jpg,0.603,
197,mn0dn7q8sr641.png,10,images-3 copy.jpg,0.5976,
198,mo95-77   leadership for the 60s campaign poster.jpg,1,John-F-Kennedy.jpeg,0.8801,
198,mo95-77   leadership for the 60s campaign poster.jpg,2,gettyimages-872442016.jpeg,0.8587,
198,mo95-77   leadership for the 60s campaign poster.jpg,3,los-angeles-california-nixon-press-conference-at-the-news-photo-1690823585.jpeg,0.7881,
198,mo95-77   leadership for the 60s campaign poster.jpg,4,Richard-M-Nixon-1969.jpeg,0.7813,
198,mo95-77   leadership for the 60s campaign poster.jpg,5,jfk-assassination.jpeg,0.7554,
198,mo95-77   leadership for the 60s campaign poster.jpg,6,Che_Guevara_-_Guerrillero_Heroico_by_Alberto_Korda.jpg,0.7476,
198,mo95-77   leadership for the 60s campaign poster.jpg,7,Franklin-D-Roosevelt-1937.jpeg,0.7473,
198,mo95-77   leadership for the 60s campaign poster.jpg,8,President_Barack_Obama.jpg,0.7455,
198,mo95-77   leadership for the 60s campaign poster.jpg,9,Bill-Clinton.jpeg,0.7306,
198,mo95-77   leadership for the 60s campaign poster.jpg,10,693.jpg,0.72,
199,ncbl0i4iesk31.jpg,1,900_Boy Scouts Jamboree.jpg,0.6521,
199,ncbl0i4iesk31.jpg,2,Registry-of-the-American-Soldier.png,0.5969,
199,ncbl0i4iesk31.jpg,3,Franklin-D-Roosevelt-1937.jpeg,0.5933,
199,ncbl0i4iesk31.jpg,4,"Raising_the_Flag_on_Iwo_Jima,_larger_-_edit1.jpg",0.5844,
199,ncbl0i4iesk31.jpg,5,best-movie-posters-of-all-time-v0-32lofmtktk6g1.jpeg,0.581,
199,ncbl0i4iesk31.jpg,6,images copy.jpg,0.5775,
199,ncbl0i4iesk31.jpg,7,150826233935-ww2-china-8-exlarge-169-5355409.jpg,0.577,
199,ncbl0i4iesk31.jpg,8,best-movie-posters-of-all-time-v0-jjxf6ntktk6g1.jpeg,0.5769,
199,ncbl0i4iesk31.jpg,9,Stalin_in_July_1941-scaled.jpg,0.5715,
199,ncbl0i4iesk31.jpg,10,GrIbt2WXgAArYDk.jpg,0.5675,
200,nelson-mandela.jpg,1,68382.jpeg,0.8934,
200,nelson-mandela.jpg,2,7.2-Margaret-Thatcher.jpg,0.7835,
200,nelson-mandela.jpg,3,Che_Guevara_-_Guerrillero_Heroico_by_Alberto_Korda.jpg,0.7584,
200,nelson-mandela.jpg,4,Stalin_in_July_1941-scaled.jpg,0.7515,
200,nelson-mandela.jpg,5,141013-che-guevara-716x1024.jpg,0.7492,
200,nelson-mandela.jpg,6,gettyimages-872442016.jpeg,0.7474,
200,nelson-mandela.jpg,7,John-F-Kennedy.jpeg,0.7429,
200,nelson-mandela.jpg,8,President_Barack_Obama.jpg,0.7371,
200,nelson-mandela.jpg,9,"Mao_Tsé-toung,_portrait_en_buste,_assis,_faisant_face_à_Nikita_Khrouchtchev,_pendant_la_visite_du_chef_russe_1958_à_Pékin_(Mao_Zedong).jpg",0.7287,
200,nelson-mandela.jpg,10,ap_080916029731_35535176_ver1.0.jpeg,0.7278,
201,nhiv64my455e1.jpg,1,rtr3xjay.jpg,0.8047,
201,nhiv64my455e1.jpg,2,npr.brightspotcdn copy.jpg,0.7988,
201,nhiv64my455e1.jpg,3,693.jpg,0.7782,
201,nhiv64my455e1.jpg,4,23macfarquharWeb-superJumbo.jpg,0.7751,
201,nhiv64my455e1.jpg,5,Mao-Zedong.jpeg,0.77,
201,nhiv64my455e1.jpg,6,1967-10_1967年毛泽东与林彪.jpg,0.7644,
201,nhiv64my455e1.jpg,7,S1-LZ040_CDIARI_G_20210913165051.jpg,0.7602,
201,nhiv64my455e1.jpg,8,Mao-Zedong-1965.jpeg,0.7594,
201,nhiv64my455e1.jpg,9,"Mao_Tsé-toung,_portrait_en_buste,_assis,_faisant_face_à_Nikita_Khrouchtchev,_pendant_la_visite_du_chef_russe_1958_à_Pékin_(Mao_Zedong).jpg",0.7589,
201,nhiv64my455e1.jpg,10,President-of-China-Xi-Jinping.jpeg,0.7529,
202,p77iczrw86ph1.jpg,1,1967-10_1967年毛泽东与林彪.jpg,0.6724,
202,p77iczrw86ph1.jpg,2,Pres-Richard-Nixon-Deng-Xiaoping-Jimmy-Carter-Jan-29-1979.jpeg,0.6724,
202,p77iczrw86ph1.jpg,3,37430169030_829a131f9b_o.jpeg,0.6684,
202,p77iczrw86ph1.jpg,4,693.jpg,0.6652,
202,p77iczrw86ph1.jpg,5,"Mao_Tsé-toung,_portrait_en_buste,_assis,_faisant_face_à_Nikita_Khrouchtchev,_pendant_la_visite_du_chef_russe_1958_à_Pékin_(Mao_Zedong).jpg",0.6593,
202,p77iczrw86ph1.jpg,6,China-Deng-Xiao-ping-005-1.jpg,0.6589,
202,p77iczrw86ph1.jpg,7,Mao-Zedong.jpeg,0.6516,
202,p77iczrw86ph1.jpg,8,gettyimages-872442016.jpeg,0.6515,
202,p77iczrw86ph1.jpg,9,1982Jun9-1038x576.jpg,0.6436,
202,p77iczrw86ph1.jpg,10,mao-zedong-jiang-jieshi-histoire.jpeg,0.6411,
203,pc-1958-024.jpg,1,23macfarquharWeb-superJumbo.jpg,0.6806,
203,pc-1958-024.jpg,2,693.jpg,0.6695,
203,pc-1958-024.jpg,3,Mao-Zedong.jpeg,0.6661,
203,pc-1958-024.jpg,4,China-Deng-Xiao-ping-005-1.jpg,0.6631,
203,pc-1958-024.jpg,5,President-of-China-Xi-Jinping.jpeg,0.6614,
203,pc-1958-024.jpg,6,1967-10_1967年毛泽东与林彪.jpg,0.6614,
203,pc-1958-024.jpg,7,"Mao_Tsé-toung,_portrait_en_buste,_assis,_faisant_face_à_Nikita_Khrouchtchev,_pendant_la_visite_du_chef_russe_1958_à_Pékin_(Mao_Zedong).jpg",0.6548,
203,pc-1958-024.jpg,8,Mao-Zedong-1965.jpeg,0.652,
203,pc-1958-024.jpg,9,S1-LZ040_CDIARI_G_20210913165051.jpg,0.651,
203,pc-1958-024.jpg,10,2023-09-30T051708Z_985728_RC2PI3A53UNF_RTRMADP_3_CHINA-ANNIVERSARY-2-1.webp,0.6471,
204,picture-113.jpg,1,Stalin_in_July_1941-scaled.jpg,0.8185,
204,picture-113.jpg,2,images-2 copy.jpg,0.8085,
204,picture-113.jpg,3,images-3 copy.jpg,0.8043,
204,picture-113.jpg,4,"71-DuJMBshL._AC_UF1000,1000_QL80_.jpg",0.7939,
204,picture-113.jpg,5,Joseph-Stalin-1950.jpeg,0.786,
204,picture-113.jpg,6,Vladimir_Lenin.jpeg,0.7792,
204,picture-113.jpg,7,sized-170983061.jpeg,0.7677,
204,picture-113.jpg,8,Vladimir_Lenin_a_colori_(cropped).jpg,0.741,
204,picture-113.jpg,9,900_Boy Scouts Jamboree.jpg,0.7288,
204,picture-113.jpg,10,Che_Guevara_-_Guerrillero_Heroico_by_Alberto_Korda.jpg,0.7252,
205,picture-130.jpg,1,Stalin_in_July_1941-scaled.jpg,0.7545,
205,picture-130.jpg,2,"71-DuJMBshL._AC_UF1000,1000_QL80_.jpg",0.7489,
205,picture-130.jpg,3,sized-170983061.jpeg,0.7344,
205,picture-130.jpg,4,Joseph-Stalin-1950.jpeg,0.722,
205,picture-130.jpg,5,images-3 copy.jpg,0.7217,
205,picture-130.jpg,6,images-2 copy.jpg,0.7155,
205,picture-130.jpg,7,Vladimir_Lenin.jpeg,0.7135,
205,picture-130.jpg,8,Vladimir_Lenin_a_colori_(cropped).jpg,0.6949,
205,picture-130.jpg,9,Screenshot 2026-07-30 at 11.26.00 PM.png,0.6927,
205,picture-130.jpg,10,"Mao_Tsé-toung,_portrait_en_buste,_assis,_faisant_face_à_Nikita_Khrouchtchev,_pendant_la_visite_du_chef_russe_1958_à_Pékin_(Mao_Zedong).jpg",0.6828,
206,poster-for-peace-leonid-brezhnev-in-front-of-the-kremlin-in-v0-oxevqgqmltvc1.jpeg,1,Stalin_in_July_1941-scaled.jpg,0.7727,
206,poster-for-peace-leonid-brezhnev-in-front-of-the-kremlin-in-v0-oxevqgqmltvc1.jpeg,2,Joseph-Stalin-1950.jpeg,0.7527,
206,poster-for-peace-leonid-brezhnev-in-front-of-the-kremlin-in-v0-oxevqgqmltvc1.jpeg,3,Vladimir_Lenin.jpeg,0.7447,
206,poster-for-peace-leonid-brezhnev-in-front-of-the-kremlin-in-v0-oxevqgqmltvc1.jpeg,4,"71-DuJMBshL._AC_UF1000,1000_QL80_.jpg",0.7426,
206,poster-for-peace-leonid-brezhnev-in-front-of-the-kremlin-in-v0-oxevqgqmltvc1.jpeg,5,sized-170983061.jpeg,0.7392,
206,poster-for-peace-leonid-brezhnev-in-front-of-the-kremlin-in-v0-oxevqgqmltvc1.jpeg,6,images-3 copy.jpg,0.7317,
206,poster-for-peace-leonid-brezhnev-in-front-of-the-kremlin-in-v0-oxevqgqmltvc1.jpeg,7,693.jpg,0.731,
206,poster-for-peace-leonid-brezhnev-in-front-of-the-kremlin-in-v0-oxevqgqmltvc1.jpeg,8,1616975269_44_p_brezhnev_oboi_47.jpeg,0.7282,
206,poster-for-peace-leonid-brezhnev-in-front-of-the-kremlin-in-v0-oxevqgqmltvc1.jpeg,9,Leonid-Ilich-Brezhnev.jpeg,0.7221,
206,poster-for-peace-leonid-brezhnev-in-front-of-the-kremlin-in-v0-oxevqgqmltvc1.jpeg,10,Mao-Zedong-1965.jpeg,0.7172,
207,pres18.jpg,1,President_Barack_Obama.jpg,0.8651,
207,pres18.jpg,2,BN-CU905_ObamaG_FR_20140515164201.jpg,0.8047,
207,pres18.jpg,3,the-obamas-potus.jpg,0.7721,
207,pres18.jpg,4,_87498984_obamatearslarge.jpg,0.7692,
207,pres18.jpg,5,Hillary_Clinton_official_Secretary_of_State_portrait_crop.jpg,0.7607,
207,pres18.jpg,6,Polyester-American-flag-closeup-angle_6647de24-6210-4bb8-a86f-2b0c5923c020.jpeg,0.752,
207,pres18.jpg,7,Bill-Clinton.jpeg,0.748,
207,pres18.jpg,8,John-F-Kennedy.jpeg,0.7432,
207,pres18.jpg,9,68382.jpeg,0.7419,
207,pres18.jpg,10,Che_Guevara_-_Guerrillero_Heroico_by_Alberto_Korda.jpg,0.7349,
208,rlf76dvxmbph1.jpg,1,Stalin_in_July_1941-scaled.jpg,0.6607,
208,rlf76dvxmbph1.jpg,2,900_Boy Scouts Jamboree.jpg,0.6591,
208,rlf76dvxmbph1.jpg,3,sized-170983061.jpeg,0.6488,
208,rlf76dvxmbph1.jpg,4,1967-10_1967年毛泽东与林彪.jpg,0.6427,
208,rlf76dvxmbph1.jpg,5,GrIbt2WXgAArYDk.jpg,0.6388,
208,rlf76dvxmbph1.jpg,6,Screenshot 2026-09-13 at 2.38.07 PM.png,0.6384,
208,rlf76dvxmbph1.jpg,7,150826233935-ww2-china-8-exlarge-169-5355409.jpg,0.638,
208,rlf76dvxmbph1.jpg,8,Screenshot 2026-07-30 at 11.26.00 PM.png,0.6337,
208,rlf76dvxmbph1.jpg,9,"71-DuJMBshL._AC_UF1000,1000_QL80_.jpg",0.633,
208,rlf76dvxmbph1.jpg,10,China-Deng-Xiao-ping-005-1.jpg,0.6314,
209,s-l1200 copy.jpg,1,Stalin_in_July_1941-scaled.jpg,0.8057,
209,s-l1200 copy.jpg,2,Leonid-Ilich-Brezhnev.jpeg,0.7929,
209,s-l1200 copy.jpg,3,sized-170983061.jpeg,0.7848,
209,s-l1200 copy.jpg,4,Joseph-Stalin-1950.jpeg,0.7645,
209,s-l1200 copy.jpg,5,images-3 copy.jpg,0.7629,
209,s-l1200 copy.jpg,6,S1-LZ040_CDIARI_G_20210913165051.jpg,0.7622,
209,s-l1200 copy.jpg,7,"71-DuJMBshL._AC_UF1000,1000_QL80_.jpg",0.7604,
209,s-l1200 copy.jpg,8,Mao-Zedong.jpeg,0.7577,
209,s-l1200 copy.jpg,9,693.jpg,0.7544,
209,s-l1200 copy.jpg,10,Mao-Zedong-1965.jpeg,0.7535,
210,s-l1200.jpg,1,Little_Red_Riding_Hood_-_J._W._Smith.jpg,0.7102,
210,s-l1200.jpg,2,King_Kong_1933_Promotional_Image.png,0.6721,
210,s-l1200.jpg,3,900_Boy Scouts Jamboree.jpg,0.666,
210,s-l1200.jpg,4,William-Adolphe_Bouguereau_(1825-1905)_-_Dante_And_Virgil_In_Hell_(1850).jpg,0.6441,
210,s-l1200.jpg,5,NPG-78T0884A_1.jpg,0.6411,
210,s-l1200.jpg,6,images-2 copy.jpg,0.6408,
210,s-l1200.jpg,7,7.2-Margaret-Thatcher.jpg,0.6406,
210,s-l1200.jpg,8,"71-DuJMBshL._AC_UF1000,1000_QL80_.jpg",0.6353,
210,s-l1200.jpg,9,2827r.jpg,0.633,
210,s-l1200.jpg,10,Polyester-American-flag-closeup-angle_6647de24-6210-4bb8-a86f-2b0c5923c020.jpeg,0.6256,
211,set-of-7-british-posters-extolling-the-merits-of-v0-1rk1ttnfeq8e1.jpeg,1,900_Boy Scouts Jamboree.jpg,0.6501,
211,set-of-7-british-posters-extolling-the-merits-of-v0-1rk1ttnfeq8e1.jpeg,2,Screenshot 2026-09-13 at 2.42.39 PM.png,0.6171,
211,set-of-7-british-posters-extolling-the-merits-of-v0-1rk1ttnfeq8e1.jpeg,3,Screenshot 2026-09-13 at 2.44.53 PM.png,0.6126,
211,set-of-7-british-posters-extolling-the-merits-of-v0-1rk1ttnfeq8e1.jpeg,4,900_Row-One-Brand_1964-coke-ad-remix-final-row-1.jpg,0.6077,
211,set-of-7-british-posters-extolling-the-merits-of-v0-1rk1ttnfeq8e1.jpeg,5,timon-studler-ABGaVhJxwDQ-unsplash_b99ec30b-edbe-4152-9619-95beb998dd4a-prv.jpg,0.6056,
211,set-of-7-british-posters-extolling-the-merits-of-v0-1rk1ttnfeq8e1.jpeg,6,zunzun no.2  dia de las far castro.jpg,0.6054,
211,set-of-7-british-posters-extolling-the-merits-of-v0-1rk1ttnfeq8e1.jpeg,7,Screenshot 2026-09-13 at 2.38.30 PM.png,0.605,
211,set-of-7-british-posters-extolling-the-merits-of-v0-1rk1ttnfeq8e1.jpeg,8,photo-1506755594592-349d12a7c52a.jpeg,0.5975,
211,set-of-7-british-posters-extolling-the-merits-of-v0-1rk1ttnfeq8e1.jpeg,9,Screenshot 2026-09-13 at 2.43.46 PM.png,0.5967,
211,set-of-7-british-posters-extolling-the-merits-of-v0-1rk1ttnfeq8e1.jpeg,10,TAL-bernina-express-switzerland-PRETTSTEUROTRAIN0426-4e3d53753f7d4de5887ef1c0ab57f662.jpg,0.594,
212,set-of-7-british-posters-extolling-the-merits-of-v0-32zintnfeq8e1.jpeg,1,1861-British-walking-and-sporting-costume.jpg,0.5959,
212,set-of-7-british-posters-extolling-the-merits-of-v0-32zintnfeq8e1.jpeg,2,900_Boy Scouts Jamboree.jpg,0.5943,
212,set-of-7-british-posters-extolling-the-merits-of-v0-32zintnfeq8e1.jpeg,3,zunzun no.2  dia de las far castro.jpg,0.5761,
212,set-of-7-british-posters-extolling-the-merits-of-v0-32zintnfeq8e1.jpeg,4,gettyimages-1061707698.jpeg,0.5719,
212,set-of-7-british-posters-extolling-the-merits-of-v0-32zintnfeq8e1.jpeg,5,Franklin-D-Roosevelt-1937.jpeg,0.561,
212,set-of-7-british-posters-extolling-the-merits-of-v0-32zintnfeq8e1.jpeg,6,Joseph-Stalin-1950.jpeg,0.5586,
212,set-of-7-british-posters-extolling-the-merits-of-v0-32zintnfeq8e1.jpeg,7,150826232822-ww2-china-4.jpg,0.5579,
212,set-of-7-british-posters-extolling-the-merits-of-v0-32zintnfeq8e1.jpeg,8,images-3 copy.jpg,0.5575,
212,set-of-7-british-posters-extolling-the-merits-of-v0-32zintnfeq8e1.jpeg,9,SamuraiArmor-Feat.jpg,0.5569,
212,set-of-7-british-posters-extolling-the-merits-of-v0-32zintnfeq8e1.jpeg,10,Screenshot 2026-09-13 at 2.42.13 PM.png,0.5516,
213,set-of-7-british-posters-extolling-the-merits-of-v0-3cdn4xnfeq8e1.jpeg,1,900_Boy Scouts Jamboree.jpg,0.6317,
213,set-of-7-british-posters-extolling-the-merits-of-v0-3cdn4xnfeq8e1.jpeg,2,zunzun no.2  dia de las far castro.jpg,0.6248,
213,set-of-7-british-posters-extolling-the-merits-of-v0-3cdn4xnfeq8e1.jpeg,3,photo-1506755594592-349d12a7c52a.jpeg,0.6078,
213,set-of-7-british-posters-extolling-the-merits-of-v0-3cdn4xnfeq8e1.jpeg,4,timon-studler-ABGaVhJxwDQ-unsplash_b99ec30b-edbe-4152-9619-95beb998dd4a-prv.jpg,0.6013,
213,set-of-7-british-posters-extolling-the-merits-of-v0-3cdn4xnfeq8e1.jpeg,5,Joseph-Stalin-1950.jpeg,0.5998,
213,set-of-7-british-posters-extolling-the-merits-of-v0-3cdn4xnfeq8e1.jpeg,6,Large-crowd-of-people-014.jpg,0.5975,
213,set-of-7-british-posters-extolling-the-merits-of-v0-3cdn4xnfeq8e1.jpeg,7,NPG-78T0884A_1.jpg,0.5934,
213,set-of-7-british-posters-extolling-the-merits-of-v0-3cdn4xnfeq8e1.jpeg,8,1861-British-walking-and-sporting-costume.jpg,0.5923,
213,set-of-7-british-posters-extolling-the-merits-of-v0-3cdn4xnfeq8e1.jpeg,9,crowd-people-walking-crowded-street-footage-098377624_iconl.jpeg,0.5922,
213,set-of-7-british-posters-extolling-the-merits-of-v0-3cdn4xnfeq8e1.jpeg,10,68382.jpeg,0.5886,
214,set-of-7-british-posters-extolling-the-merits-of-v0-arpqxvnfeq8e1.jpeg,1,900_Boy Scouts Jamboree.jpg,0.6576,
214,set-of-7-british-posters-extolling-the-merits-of-v0-arpqxvnfeq8e1.jpeg,2,zunzun no.2  dia de las far castro.jpg,0.6328,
214,set-of-7-british-posters-extolling-the-merits-of-v0-arpqxvnfeq8e1.jpeg,3,Little_Red_Riding_Hood_-_J._W._Smith.jpg,0.6163,
214,set-of-7-british-posters-extolling-the-merits-of-v0-arpqxvnfeq8e1.jpeg,4,Screenshot 2026-09-13 at 2.38.30 PM.png,0.6086,
214,set-of-7-british-posters-extolling-the-merits-of-v0-arpqxvnfeq8e1.jpeg,5,900_Row-One-Brand_1964-coke-ad-remix-final-row-1.jpg,0.6062,
214,set-of-7-british-posters-extolling-the-merits-of-v0-arpqxvnfeq8e1.jpeg,6,Merry_Old_Santa_Claus_by_Thomas_Nast.jpg,0.5988,
214,set-of-7-british-posters-extolling-the-merits-of-v0-arpqxvnfeq8e1.jpeg,7,Screenshot 2026-09-13 at 2.38.42 PM.png,0.5982,
214,set-of-7-british-posters-extolling-the-merits-of-v0-arpqxvnfeq8e1.jpeg,8,Screenshot 2026-09-13 at 2.42.27 PM.png,0.5859,
214,set-of-7-british-posters-extolling-the-merits-of-v0-arpqxvnfeq8e1.jpeg,9,Screenshot 2026-09-13 at 2.42.13 PM.png,0.5845,
214,set-of-7-british-posters-extolling-the-merits-of-v0-arpqxvnfeq8e1.jpeg,10,1861-British-walking-and-sporting-costume.jpg,0.5834,
215,set-of-7-british-posters-extolling-the-merits-of-v0-iz4oytnfeq8e1.jpeg,1,900_Boy Scouts Jamboree.jpg,0.6912,
215,set-of-7-british-posters-extolling-the-merits-of-v0-iz4oytnfeq8e1.jpeg,2,zunzun no.2  dia de las far castro.jpg,0.6802,
215,set-of-7-british-posters-extolling-the-merits-of-v0-iz4oytnfeq8e1.jpeg,3,900_Row-One-Brand_1964-coke-ad-remix-final-row-1.jpg,0.6592,
215,set-of-7-british-posters-extolling-the-merits-of-v0-iz4oytnfeq8e1.jpeg,4,Large-crowd-of-people-014.jpg,0.6512,
215,set-of-7-british-posters-extolling-the-merits-of-v0-iz4oytnfeq8e1.jpeg,5,images.jpg,0.644,
215,set-of-7-british-posters-extolling-the-merits-of-v0-iz4oytnfeq8e1.jpeg,6,RIAN_archive_633872_Workers_of_Soligorsk_potash_plant.jpg,0.6431,
215,set-of-7-british-posters-extolling-the-merits-of-v0-iz4oytnfeq8e1.jpeg,7,Stalin_in_July_1941-scaled.jpg,0.6395,
215,set-of-7-british-posters-extolling-the-merits-of-v0-iz4oytnfeq8e1.jpeg,8,crowd-people-walking-crowded-street-footage-098377624_iconl.jpeg,0.6387,
215,set-of-7-british-posters-extolling-the-merits-of-v0-iz4oytnfeq8e1.jpeg,9,Joseph-Stalin-1950.jpeg,0.6358,
215,set-of-7-british-posters-extolling-the-merits-of-v0-iz4oytnfeq8e1.jpeg,10,photo-1506755594592-349d12a7c52a.jpeg,0.6343,
216,set-of-7-british-posters-extolling-the-merits-of-v0-vfzjiunfeq8e1.jpeg,1,900_Boy Scouts Jamboree.jpg,0.6212,
216,set-of-7-british-posters-extolling-the-merits-of-v0-vfzjiunfeq8e1.jpeg,2,zunzun no.2  dia de las far castro.jpg,0.5993,
216,set-of-7-british-posters-extolling-the-merits-of-v0-vfzjiunfeq8e1.jpeg,3,Heart-and-lungs.jpg,0.5822,
216,set-of-7-british-posters-extolling-the-merits-of-v0-vfzjiunfeq8e1.jpeg,4,SamuraiArmor-Feat.jpg,0.5776,
216,set-of-7-british-posters-extolling-the-merits-of-v0-vfzjiunfeq8e1.jpeg,5,150826232822-ww2-china-4.jpg,0.5775,
216,set-of-7-british-posters-extolling-the-merits-of-v0-vfzjiunfeq8e1.jpeg,6,1861-British-walking-and-sporting-costume.jpg,0.5758,
216,set-of-7-british-posters-extolling-the-merits-of-v0-vfzjiunfeq8e1.jpeg,7,Franklin-D-Roosevelt-1937.jpeg,0.5731,
216,set-of-7-british-posters-extolling-the-merits-of-v0-vfzjiunfeq8e1.jpeg,8,Merry_Old_Santa_Claus_by_Thomas_Nast.jpg,0.5728,
216,set-of-7-british-posters-extolling-the-merits-of-v0-vfzjiunfeq8e1.jpeg,9,mao-zedong-jiang-jieshi-histoire.jpeg,0.5709,
216,set-of-7-british-posters-extolling-the-merits-of-v0-vfzjiunfeq8e1.jpeg,10,900_Row-One-Brand_1964-coke-ad-remix-final-row-1.jpg,0.5689,
217,set-of-7-british-posters-extolling-the-merits-of-v0-zcrjttnfeq8e1.jpeg,1,900_Boy Scouts Jamboree.jpg,0.668,
217,set-of-7-british-posters-extolling-the-merits-of-v0-zcrjttnfeq8e1.jpeg,2,SamuraiArmor-Feat.jpg,0.6389,
217,set-of-7-british-posters-extolling-the-merits-of-v0-zcrjttnfeq8e1.jpeg,3,images.jpg,0.6332,
217,set-of-7-british-posters-extolling-the-merits-of-v0-zcrjttnfeq8e1.jpeg,4,Screenshot 2026-09-13 at 2.38.42 PM.png,0.6289,
217,set-of-7-british-posters-extolling-the-merits-of-v0-zcrjttnfeq8e1.jpeg,5,zunzun no.2  dia de las far castro.jpg,0.6273,
217,set-of-7-british-posters-extolling-the-merits-of-v0-zcrjttnfeq8e1.jpeg,6,1861-British-walking-and-sporting-costume.jpg,0.627,
217,set-of-7-british-posters-extolling-the-merits-of-v0-zcrjttnfeq8e1.jpeg,7,Large-crowd-of-people-014.jpg,0.6256,
217,set-of-7-british-posters-extolling-the-merits-of-v0-zcrjttnfeq8e1.jpeg,8,Joseph-Stalin-1950.jpeg,0.6224,
217,set-of-7-british-posters-extolling-the-merits-of-v0-zcrjttnfeq8e1.jpeg,9,Little_Red_Riding_Hood_-_J._W._Smith.jpg,0.618,
217,set-of-7-british-posters-extolling-the-merits-of-v0-zcrjttnfeq8e1.jpeg,10,photo-1506755594592-349d12a7c52a.jpeg,0.6139,
218,skynews-kim-jong-un-norh-korea_6011929.jpg,1,rtr3xjay.jpg,0.8772,
218,skynews-kim-jong-un-norh-korea_6011929.jpg,2,npr.brightspotcdn copy.jpg,0.8276,
218,skynews-kim-jong-un-norh-korea_6011929.jpg,3,2023-09-30T051708Z_985728_RC2PI3A53UNF_RTRMADP_3_CHINA-ANNIVERSARY-2-1.webp,0.7463,
218,skynews-kim-jong-un-norh-korea_6011929.jpg,4,_126347570_gettyimages-1238182438.jpg,0.7382,
218,skynews-kim-jong-un-norh-korea_6011929.jpg,5,President-of-China-Xi-Jinping.jpeg,0.7372,
218,skynews-kim-jong-un-norh-korea_6011929.jpg,6,mao_great_leap_forward_history_today_0.jpeg,0.7224,
218,skynews-kim-jong-un-norh-korea_6011929.jpg,7,Mao-Zedong-1965.jpeg,0.72,
218,skynews-kim-jong-un-norh-korea_6011929.jpg,8,Stalin_in_July_1941-scaled.jpg,0.7199,
218,skynews-kim-jong-un-norh-korea_6011929.jpg,9,sized-170983061.jpeg,0.7176,
218,skynews-kim-jong-un-norh-korea_6011929.jpg,10,"Mao_Tsé-toung,_portrait_en_buste,_assis,_faisant_face_à_Nikita_Khrouchtchev,_pendant_la_visite_du_chef_russe_1958_à_Pékin_(Mao_Zedong).jpg",0.7149,
219,stalinbaby.jpeg,1,Stalin_in_July_1941-scaled.jpg,0.848,
219,stalinbaby.jpeg,2,sized-170983061.jpeg,0.8351,
219,stalinbaby.jpeg,3,images-3 copy.jpg,0.8321,
219,stalinbaby.jpeg,4,Joseph-Stalin-1950.jpeg,0.8008,
219,stalinbaby.jpeg,5,"71-DuJMBshL._AC_UF1000,1000_QL80_.jpg",0.7969,
219,stalinbaby.jpeg,6,Vladimir_Lenin.jpeg,0.781,
219,stalinbaby.jpeg,7,images-2 copy.jpg,0.7789,
219,stalinbaby.jpeg,8,Vladimir_Lenin_a_colori_(cropped).jpg,0.7456,
219,stalinbaby.jpeg,9,Mao-Zedong-1965.jpeg,0.7431,
219,stalinbaby.jpeg,10,mao_great_leap_forward_history_today_0.jpeg,0.7392,
220,tbwpuj6sw0oh1.jpg,1,images-3 copy.jpg,0.7663,
220,tbwpuj6sw0oh1.jpg,2,Stalin_in_July_1941-scaled.jpg,0.7629,
220,tbwpuj6sw0oh1.jpg,3,Mao-Zedong-1965.jpeg,0.7483,
220,tbwpuj6sw0oh1.jpg,4,images-2 copy.jpg,0.744,
220,tbwpuj6sw0oh1.jpg,5,Joseph-Stalin-1950.jpeg,0.7419,
220,tbwpuj6sw0oh1.jpg,6,"71-DuJMBshL._AC_UF1000,1000_QL80_.jpg",0.7409,
220,tbwpuj6sw0oh1.jpg,7,693.jpg,0.7382,
220,tbwpuj6sw0oh1.jpg,8,Vladimir_Lenin.jpeg,0.7377,
220,tbwpuj6sw0oh1.jpg,9,"Mao_Tsé-toung,_portrait_en_buste,_assis,_faisant_face_à_Nikita_Khrouchtchev,_pendant_la_visite_du_chef_russe_1958_à_Pékin_(Mao_Zedong).jpg",0.7334,
220,tbwpuj6sw0oh1.jpg,10,images copy.jpg,0.7302,
221,theweaponssherequested_1080x.jpeg,1,images-3 copy.jpg,0.6682,
221,theweaponssherequested_1080x.jpeg,2,Stalin_in_July_1941-scaled.jpg,0.6621,
221,theweaponssherequested_1080x.jpeg,3,Joseph-Stalin-1950.jpeg,0.6542,
221,theweaponssherequested_1080x.jpeg,4,"71-DuJMBshL._AC_UF1000,1000_QL80_.jpg",0.6525,
221,theweaponssherequested_1080x.jpeg,5,images-2 copy.jpg,0.6406,
221,theweaponssherequested_1080x.jpeg,6,"Mao_Tsé-toung,_portrait_en_buste,_assis,_faisant_face_à_Nikita_Khrouchtchev,_pendant_la_visite_du_chef_russe_1958_à_Pékin_(Mao_Zedong).jpg",0.6393,
221,theweaponssherequested_1080x.jpeg,7,Vladimir_Lenin.jpeg,0.6293,
221,theweaponssherequested_1080x.jpeg,8,mao_great_leap_forward_history_today_0.jpeg,0.6229,
221,theweaponssherequested_1080x.jpeg,9,693.jpg,0.6167,
221,theweaponssherequested_1080x.jpeg,10,sized-170983061.jpeg,0.6121,
222,uu2utonkk9411.jpg,1,images-1 copy 2.jpg,0.7389,
222,uu2utonkk9411.jpg,2,WorldBall-inflatable-globe4__86540.jpg,0.6502,
222,uu2utonkk9411.jpg,3,7492.png,0.6456,
222,uu2utonkk9411.jpg,4,Joseph-Stalin-1950.jpeg,0.6425,
222,uu2utonkk9411.jpg,5,Stalin_in_July_1941-scaled.jpg,0.6418,
222,uu2utonkk9411.jpg,6,Screenshot 2026-09-13 at 2.38.07 PM.png,0.6355,
222,uu2utonkk9411.jpg,7,"71-DuJMBshL._AC_UF1000,1000_QL80_.jpg",0.6331,
222,uu2utonkk9411.jpg,8,GettyImages-8727806941-e1521676525104-1024x637.jpg,0.6324,
222,uu2utonkk9411.jpg,9,2827r.jpg,0.6324,
222,uu2utonkk9411.jpg,10,900_Boy Scouts Jamboree.jpg,0.6302,
223,uxsppzqmnbph1.jpg,1,Screenshot 2026-07-30 at 11.26.00 PM.png,0.6459,
223,uxsppzqmnbph1.jpg,2,GrIbt2WXgAArYDk.jpg,0.6324,
223,uxsppzqmnbph1.jpg,3,images copy.jpg,0.6298,
223,uxsppzqmnbph1.jpg,4,rtr3xjay.jpg,0.6283,
223,uxsppzqmnbph1.jpg,5,150826233935-ww2-china-8-exlarge-169-5355409.jpg,0.6229,
223,uxsppzqmnbph1.jpg,6,npr.brightspotcdn copy.jpg,0.6165,
223,uxsppzqmnbph1.jpg,7,Stalin_in_July_1941-scaled.jpg,0.6125,
223,uxsppzqmnbph1.jpg,8,23macfarquharWeb-superJumbo.jpg,0.6108,
223,uxsppzqmnbph1.jpg,9,693.jpg,0.6101,
223,uxsppzqmnbph1.jpg,10,NPG-78T0884A_1.jpg,0.6075,
224,xwttkvu87lkh1.jpg,1,Little_Red_Riding_Hood_-_J._W._Smith.jpg,0.6593,
224,xwttkvu87lkh1.jpg,2,photo-1506755594592-349d12a7c52a.jpeg,0.6546,
224,xwttkvu87lkh1.jpg,3,timon-studler-ABGaVhJxwDQ-unsplash_b99ec30b-edbe-4152-9619-95beb998dd4a-prv.jpg,0.6507,
224,xwttkvu87lkh1.jpg,4,Large-crowd-of-people-014.jpg,0.6501,
224,xwttkvu87lkh1.jpg,5,crowd-people-walking-crowded-street-footage-098377624_iconl.jpeg,0.6479,
224,xwttkvu87lkh1.jpg,6,7.2-Margaret-Thatcher.jpg,0.6416,
224,xwttkvu87lkh1.jpg,7,pointing-finger-forward-stockcake.jpg,0.6337,
224,xwttkvu87lkh1.jpg,8,istockphoto-1364054930-612x612.jpg,0.6334,
224,xwttkvu87lkh1.jpg,9,900_Boy Scouts Jamboree.jpg,0.629,
224,xwttkvu87lkh1.jpg,10,1000_F_58368809_JLfp70GQjwUw6ACsVSUFtxAWwXrTFfaP.jpg,0.6262,
225,ym2i2ii71sb21.jpg,1,NPG-78T0884A_1.jpg,0.6401,
225,ym2i2ii71sb21.jpg,2,Mark_I_series_tank.jpg,0.6235,
225,ym2i2ii71sb21.jpg,3,900_Boy Scouts Jamboree.jpg,0.6204,
225,ym2i2ii71sb21.jpg,4,Screenshot 2026-09-13 at 2.38.07 PM.png,0.5982,
225,ym2i2ii71sb21.jpg,5,Little_Red_Riding_Hood_-_J._W._Smith.jpg,0.5974,
225,ym2i2ii71sb21.jpg,6,Screenshot 2026-07-30 at 11.26.00 PM.png,0.595,
225,ym2i2ii71sb21.jpg,7,King_Kong_1933_Promotional_Image.png,0.5906,
225,ym2i2ii71sb21.jpg,8,Stalin_in_July_1941-scaled.jpg,0.5844,
225,ym2i2ii71sb21.jpg,9,SamuraiArmor-Feat.jpg,0.5838,
225,ym2i2ii71sb21.jpg,10,150826233935-ww2-china-8-exlarge-169-5355409.jpg,0.583,
226,z62ht69nggnh1.jpg,1,best-movie-posters-of-all-time-v0-w3jkbptktk6g1.jpeg,0.6518,
226,z62ht69nggnh1.jpg,2,Stalin_in_July_1941-scaled.jpg,0.6002,
226,z62ht69nggnh1.jpg,3,best-movie-posters-of-all-time-v0-jjxf6ntktk6g1.jpeg,0.6001,
226,z62ht69nggnh1.jpg,4,900_Boy Scouts Jamboree.jpg,0.5904,
226,z62ht69nggnh1.jpg,5,Screenshot 2026-07-30 at 11.26.00 PM.png,0.5878,
226,z62ht69nggnh1.jpg,6,NPG-78T0884A_1.jpg,0.5824,
226,z62ht69nggnh1.jpg,7,"71-DuJMBshL._AC_UF1000,1000_QL80_.jpg",0.5808,
226,z62ht69nggnh1.jpg,8,Merry_Old_Santa_Claus_by_Thomas_Nast.jpg,0.5772,
226,z62ht69nggnh1.jpg,9,zunzun no.2  dia de las far castro.jpg,0.5713,
226,z62ht69nggnh1.jpg,10,RIAN_archive_633872_Workers_of_Soligorsk_potash_plant.jpg,0.5685,
227,Чтобы_больше_иметь_—_надо_больше_производить._Чтобы_больше_производить_—_надо_больше_знать.jpg,1,"71-DuJMBshL._AC_UF1000,1000_QL80_.jpg",0.7102,
227,Чтобы_больше_иметь_—_надо_больше_производить._Чтобы_больше_производить_—_надо_больше_знать.jpg,2,Stalin_in_July_1941-scaled.jpg,0.7091,
227,Чтобы_больше_иметь_—_надо_больше_производить._Чтобы_больше_производить_—_надо_больше_знать.jpg,3,images-3 copy.jpg,0.6999,
227,Чтобы_больше_иметь_—_надо_больше_производить._Чтобы_больше_производить_—_надо_больше_знать.jpg,4,Vladimir_Lenin.jpeg,0.6962,
227,Чтобы_больше_иметь_—_надо_больше_производить._Чтобы_больше_производить_—_надо_больше_знать.jpg,5,images-2 copy.jpg,0.6938,
227,Чтобы_больше_иметь_—_надо_больше_производить._Чтобы_больше_производить_—_надо_больше_знать.jpg,6,Joseph-Stalin-1950.jpeg,0.6899,
227,Чтобы_больше_иметь_—_надо_больше_производить._Чтобы_больше_производить_—_надо_больше_знать.jpg,7,900_Boy Scouts Jamboree.jpg,0.6861,
227,Чтобы_больше_иметь_—_надо_больше_производить._Чтобы_больше_производить_—_надо_больше_знать.jpg,8,sized-170983061.jpeg,0.6782,
227,Чтобы_больше_иметь_—_надо_больше_производить._Чтобы_больше_производить_—_надо_больше_знать.jpg,9,Vladimir_Lenin_a_colori_(cropped).jpg,0.6764,
227,Чтобы_больше_иметь_—_надо_больше_производить._Чтобы_больше_производить_—_надо_больше_знать.jpg,10,db12166e-abdc-4a7c-b7c0-067d2ea2572a.jpeg,0.6708,
228,社会主义核心价值观_(cropped).jpg,1,2023-09-30T051708Z_985728_RC2PI3A53UNF_RTRMADP_3_CHINA-ANNIVERSARY-2-1.webp,0.7121,
228,社会主义核心价值观_(cropped).jpg,2,560868.jpg,0.7105,
228,社会主义核心价值观_(cropped).jpg,3,President-of-China-Xi-Jinping.jpeg,0.7061,
228,社会主义核心价值观_(cropped).jpg,4,beijing-cctv-headquarters-night-cityscape-light-trails.jpg,0.6836,
228,社会主义核心价值观_(cropped).jpg,5,_126347570_gettyimages-1238182438.jpg,0.6652,
228,社会主义核心价值观_(cropped).jpg,6,TRUMP-XI-MEETING-TRADE-GettyImages-2244085159.jpeg,0.6525,
228,社会主义核心价值观_(cropped).jpg,7,Mao-Zedong.jpeg,0.6347,
228,社会主义核心价值观_(cropped).jpg,8,central-business-district.jpg,0.6285,
228,社会主义核心价值观_(cropped).jpg,9,1967-10_1967年毛泽东与林彪.jpg,0.6282,
228,社会主义核心价值观_(cropped).jpg,10,Guanghua_Road_Office_Area_of_CMG_(20240907141412).jpg,0.6282,
